,log10_KON,DASA,RES_P,RES_NP,RES_C,ATOM_P,ATOM_NP,ATOM_N,PLANARITY,ECCENTRIC,INT_ALPHA,INT_BETA,NUM_HB,NUM_SB,NUM_WB,GAP_VOL,GAP_INDEX,S_TR,S_R,S_T,S_VIB,ACE22_ALL,ACE22_VDW,ACE22_ELEC,ACE22_HYDR,ACE22_SCRE,ACE22_SELF,ACE22_COUL,ACE22_SOLV,ACE22_INTE,ACE19_HYDR,ACE19_SELF,ACE19_SCRE,ACE19_COUL,ACE19_SOLV,ACE19_INTE,SASA,ROS_FA_ATR,ROS_FA_REP,LK_SOLV,ROS_FA_PP,ROS_CG_VDW,ROS_CG_PP,ROS_CG_ENV,ROS_CG_BETA,ROS_HBOND,ROS_TOTAL,BIOSIMZ_KON,DELISI_SOLV,H_BOND,PI_PI,CATION_PI,ALIPHATIC,NIP,NSC,STC_CP,STC_H,STC_S,STC_S_SOL,STC_S_SC,STC_G,DFIRE,DDFIRE,OPUS_CA,OPUS_PSP,RF_PP,EMPIRE,GEOMETRIC,FOUR_BODY,GEN_4_BODY,SHORT_RANGE,QA_PP,QM_PP,QP_PP,HLPL_PP,SKOB_PP,SKOA_PP,SKJG_PP,MJPL_PP,MJ3H_PP,MJ2H_PP,TS_PP,BT_PP,BFKV_PP,TD_PP,TEL_PP,TES_PP,RO_PP,MS_PP,MJ1_PP,MJ3_PP,GKS_PP,VD_PP,MSBM_PP,ROS_FA_ATR_UB,ROS_FA_REP_UB,LK_SOLV_UB,ROS_FA_PP_UB,ROS_CG_VDW_UB,ROS_CG_PP_UB,ROS_CG_ENV_UB,ROS_CG_BETA_UB,ROS_HBOND_UB,ROS_TOTAL_UB,DFIRE_UB,DDFIRE_UB,OPUS_CA_UB,OPUS_PSP_UB,RF_PP_UB,GEOMETRIC_UB,FOUR_BODY_UB,GEN_4_BODY_UB,SHORT_RANGE_UB,QA_PP_UB,QM_PP_UB,QP_PP_UB,HLPL_PP_UB,SKOB_PP_UB,SKOA_PP_UB,SKJG_PP_UB,MJPL_PP_UB,MJ3H_PP_UB,MJ2H_PP_UB,TS_PP_UB,BT_PP_UB,BFKV_PP_UB,TD_PP_UB,TEL_PP_UB,TES_PP_UB,RO_PP_UB,MS_PP_UB,MJ1_PP_UB,MJ3_PP_UB,GKS_PP_UB,VD_PP_UB,MSBM_PP_UB,INTERNAL_UB,ACE19_HYDR_UB,ACE19_SELF_UB,ACE19_SCRE_UB,ACE19_COUL_UB,ACE19_SOLV_UB,ACE19_INTE_UB,SASA_UB,STC_CP_ENS,STC_H_ENS,STC_S_ENS,STC_S_SOL_ENS,STC_S_SC_ENS,STC_G_ENS,ROS_FA_ATR_ENS,ROS_FA_REP_ENS,LK_SOLV_ENS,ROS_FA_PP_ENS,ROS_CG_VDW_ENS,ROS_CG_PP_ENS,ROS_CG_ENV_ENS,ROS_CG_BETA_ENS,ROS_HBOND_ENS,ROS_TOTAL_ENS,NIP_ENS,NSC_ENS,DELISI_SOLV_ENS,H_BOND_ENS,PI_PI_ENS,CATION_PI_ENS,ALIPHATIC_ENS,DFIRE_ENS,DDFIRE_ENS,OPUS_CA_ENS,OPUS_PSP_ENS,RF_PP_ENS,GEOMETRIC_ENS,ROS_FA_ATR_EBU,ROS_FA_REP_EBU,LK_SOLV_EBU,ROS_FA_PP_EBU,ROS_CG_VDW_EBU,ROS_CG_PP_EBU,ROS_CG_ENV_EBU,ROS_CG_BETA_EBU,ROS_HBOND_EBU,ROS_TOTAL_EBU,ACE19_HYDR_EBU,ACE19_SELF_EBU,ACE19_SCRE_EBU,ACE19_COUL_EBU,ACE19_SOLV_EBU,ACE19_INTE_EBU,SASA_EBU,INTERNAL_EBU,GEOMETRIC_EBU,DFIRE_EBU,DDFIRE_EBU,OPUS_CA_EBU,OPUS_PSP_EBU,RF_PP_EBU,CONSTANT,S_GP_ALL2,S_GP_INT2,S_WLC_ALL2,S_WLC_INT2
1CBW,5.230449,669.81,60.71,35.71,3.57,32.72,58.28,7.84,2.845,0.725,0,17.86,9,11,4,3996,2.98,-100.742,-49.259,-51.483,2.21E-05,-8102.84094,-89.47389,-9148.62029,1135.25324,30084.15338,-39180.48537,-52.2883,-9096.33199,30031.86508,-13.29998,877.8336,-815.61918,10.60566,62.21441,-805.01353,10.62738,-52.059,-25.798,30.279,0.414,1.493,2.791,-13.667,-0.61,-3.622,2.059,11.1,-11.74,-7.58,-1.5,-1.5,-1.5,0.000333,0.000433,-0.340126,5.457616,0.068702,0.104568,-0.027865,-15.025978,-17.8,-29.5075,-69.769,-137.487,-5.0375,-16.9,-22.22,38.005,-10.752,11.214,1.4,2.8,-23.4,-22.6,-8.4,15.4,18.8,-191.8,-6.7,-230.42,-356,-3.94,-1.725,-10.44,-15.36,-13.74,59.18,4.36,177.4,2.4,2.8,0.135,0.191,30.665,26.821,-2.83,3.105,0,-0.485,0.054,0.51,4.294,33.044,7.93,14.58,16.247,149.965,13.8966,51.05,-23.26,51.357,-36.19,33.7,30.7,37.4,45.6,33.5,25.1,29.2,156.9,20.01,195.68,248.5,23.55,9.985,30.43,40.98,29.45,42.53,10.39,-93.96,6.48,15.1,2.543,0.049,-1588.52846,-220.96044,11215.80854,-11124.74145,6852.94369,91.0671,-4271.79774,199.10277,-0.348218434,6.252795081,0.070484818,0.106148727,-0.02766398,-14.76224598,-44.80193,16.2053,26.0975,-0.83889,0.89962,1.57315,-12.66516,0.07582,-2.64182,40.24697,0.00030219,0.00044352,-11.0855,-5.3864,-1.195,-1.5,-1.015,-22.4069,-22.9131,-69.271,-134.10854,-3.064652,-24.4836,-1.59053,6.57307,0.87537,-0.17534,-0.02132,0.46225,0.21697,0.04041,-0.35684,6.52871,-233.4526184,11342.37972,-11047.06131,6505.150076,295.3184089,-4541.911234,198.5569013,-21.545666,-18.2368,-188.59,-2.3322,-22.31907,-6277.434,4.109402,1,1.94591,0,0,0
1DFJ,8.220108,1327.93,51.43,22.86,25.71,48.17,18.6,32.41,5.176,0.853,17.14,22.86,7,23,3,11127.38,4.19,-107.361,-53.713,-53.648,4.88E-05,-19801.77725,-108.50099,-21970.28846,2277.0122,61438.2871,-82928.54153,-480.03403,-21490.25443,60958.25307,-17.02538,1482.19251,-1429.23021,54.29677,52.9623,-1374.93344,31.64289,-63.837,4.202,57.565,-13.847,0,-33.414,34.444,-2.133,-1.585,47.162,28.8,15.75,-6.07,-3,-0.5,0,0.000109,0.000162,-0.3393,-13.460389,0.063115,0.130083,-0.058967,-32.278264,-16.8,-40.488,-37.804,-298.173,24.8024,-9.5,-73.52,60.342,33.446,5.653,28.4,5.8,-37.8,-44,-8.4,14.8,25.4,-262.6,2.9,-218.74,-404.6,-2.18,-2.469,-10.82,-7.84,-3.66,172.374,-5.54,213.94,-2.78,-17,-0.914,-0.026,17.302,-15.756,-18.089,11.814,0.001,-3.675,2.792,1.103,-9.417,-33.961,2.85,5.68,143.247,51.272,30.0645,79.84,-12.829,57.2,2.367,6,6,20.2,22.4,12.8,9.8,10.8,121.2,7.28,117.24,147.6,13.54,7.04,9.8,-2.04,3.98,74.06,8.96,-65.94,6.1,14,3.826,0.109,43.8104,-402.32611,20940.31479,-20791.51299,12390.0654,148.80179,-8401.44757,379.83444,-0.335585309,-14.18557924,0.062977,0.129848031,-0.058871,-32.96217451,-57.47966,31.60993,52.77011,-15.08737,0.00283,-35.40814,34.01413,-1.99917,-1.88767,69.66664,0.00010133,0.00015786,14.9916,-6.6268,-3.29,-0.16,0,-31.8395,-24.6615,-42.085,-270.67172,28.419579,-75.9305,-20.93522,10.88188,15.9714,-1.46818,0.00539,0.13209,-0.33714,-0.27053,-2.29479,22.96666,-431.6728729,22617.0694,-22472.29685,12382.02261,144.7725522,-10090.27424,412.3257783,-595.688845,-112.7888,-711.78,-10.2553,-49.38656,-14640.278,-13.914241,1,0,0,0,0
1E4K,5.633468,1381.39,34.31,41.18,24.51,18.03,30.28,9.65,3.396,0.873,3.92,33.33,3,18,0,5565.38,2.01,-109.414,-54.972,-54.442,2.45E-05,-19099.45394,-76.54902,-21520.05721,2497.1523,64343.38017,-85586.05131,-277.38607,-21242.67114,64065.9941,-11.68037,903.69697,-909.62706,8.99386,-5.93009,-900.63319,11.35334,-47.697,4.511,28.438,-5.251,0.001,-7.108,-5.285,-2.624,-0.995,26.481,47,-3.52,-2.83,-4.5,0,-1.5,0.000231,0.000408,-0.365559,4.169667,0.079298,0.114699,-0.027401,-19.472991,-12.356,-24.477,-42.902,-183.677,-2.0111,-16.9,-28.99,28.342,-5.282,15.703,7,0.2,-23.8,-31.6,5.8,18.6,15.8,-157,-7.1,-221.04,-340.6,-5.68,0.885,-12.36,-13.7,-8.66,15.536,-2.24,170.56,-2.46,-6.2,0.102,0.048,106.521,31.666,-49.058,12.113,-0.237,-4.996,-2.914,0.895,11.034,46.701,13.98,29.69,76.48,409.884,-2.2377,223.59,42.541,-20.166,82.456,-9.5,0.9,48.1,48,27.8,30.3,35.2,263,35.47,357.89,342.1,41.07,21.391,43.45,62.17,53.75,-134.622,13.52,-142.9,14.19,14.2,5.927,0.346,-1701.9097,-351.89273,20343.70554,-19908.14081,8820.75812,435.56473,-11087.3827,346.3407,-0.3598606,4.14076748,0.07807351,0.11286154,-0.02678801,-19.13683118,-40.72026,29.56478,25.59128,-5.18289,0.00265,-6.24515,-5.66384,-2.78681,-1.09936,51.26181,0.00022481,0.00034601,-3.3835,-2.3328,-4.7,0,-1.57,-18.3804,-16.8939,-24.057,-159.99472,4.440414,-29.647,-0.41905,2.87573,0.46039,0.88397,-0.05227,-0.2205,-0.65147,0.36144,-0.32304,6.12999,-403.2658627,21631.21594,-20928.87068,8829.510185,702.345262,-12099.36049,375.315205,-556.192548,30.9952,-123.32,-2.7358,-6.14863,-187.076,-7.515558,1,3.688879,3.688879,0,0
1E6E,3.646796,1142.59,41.38,27.59,31.03,29.15,38.88,31.52,4.28,0.649,82.76,3.45,10,64,0,7286.62,3.19,-106.332,-52.898,-53.434,4.29E-05,-22525.14948,-107.04107,-24709.40775,2291.29933,59540.26757,-83537.22795,-712.44737,-23996.96037,58827.8202,-16.62398,1538.99819,-1487.92551,-30.48323,51.07269,-1518.40874,33.44059,-62.062,4.383,58.156,-16.581,0,-16.681,10.029,-4.092,-2.094,45.11,53.2,15.95,-6.24,0,-0.5,-0.5,0.000136,0.000225,-0.374082,-7.698542,0.072039,0.133683,-0.053644,-29.177103,-17.198,-34.587,-64.442,-228.363,16.4841,-16.5,-73.45,17.673,26.974,33.379,38.4,10.8,-40.6,-44.6,1,13.2,21.4,-279.6,0.82,-239.24,-397.8,-7.64,-1.211,-2.42,-5.04,1.2,206.65,-11.98,218.42,-7.46,-23.2,-1.374,-0.005,32.697,22.509,-34.783,8.811,0.101,18.032,-0.176,-2.886,1.272,8.222,0.11,-3.71,60.345,-114.549,20.8618,-4.52,-2.113,-32.351,-102.743,7.6,11.4,35.2,47.4,35.2,28.6,20.8,167.8,17.6,251.22,286.2,21.38,13.728,24.82,7.78,20.98,-24.868,4.5,-123.16,1.34,-1.42E-14,2.749,0.112,-15.8006,-471.78628,23619.25084,-23649.84396,12819.49192,-30.59314,-10830.35203,366.63622,-0.377792414,-7.700163121,0.073066121,0.13490701,-0.053840798,-29.48483236,-54.5243,28.82646,52.55174,-15.23301,0.00007,-16.51644,10.26989,-4.04336,-2.10302,64.6031,0.00013084,0.00019611,14.831,-5.619,0,-0.655,-1.005,-27.1734,-26.4763,-68.332,-216.90842,21.475233,-67.7995,-6.46331,14.96557,4.78435,-0.34553,0.08107,-0.39235,-0.54907,-0.3473,-0.00723,19.95003,-498.3678726,25531.81049,-25169.72563,12364.32119,362.084858,-12805.40444,430.0612104,-349.114833,-80.3668,-364.48,-6.4637,-27.98976,-10167.018,-4.598315,1,1.609438,1.609438,0,0
1E6J,5.544068,4755.11,50.47,35.51,14.02,3.23,5.75,2.8,1.701,0.353,0,39.25,6,3,0,3044.25,0.32,-110.235,-55.469,-54.766,-2.89E-05,-17172.63797,-68.1576,-19650.53923,2546.05886,68963.53776,-88536.85698,-77.22001,-19573.31922,68886.31775,-11.17748,842.54697,-774.03642,-4.73359,68.51055,-778.77001,14.40957,-40.947,2.641,26.064,-1.358,0,-4.128,-0.873,-1.51,-0.943,23.743,56.9,-6.18,-4.57,-3.5,0,-3,0.000368,0.000638,-0.247028,0.542462,0.054468,0.080609,-0.018141,-15.69732,-14.032,-25.515,-41.246,-209.273,5.0947,-11.5,-38.89,13.293,32.439,8.166,16.6,10.8,-17.2,-28.2,5.2,10.8,7.6,-197.8,-6.64,-206.46,-301.4,-5.94,-1.865,-12.26,-2.44,0.46,31.05,-0.4,163,-1.56,-7.6,0.234,0.025,34.521,70.809,-10.167,6.64,0.79,-13.299,-2.682,0.702,-3.31,56.839,10.18,12.49,109.538,69.719,16.6377,105.26,0.445,-7.318,18.53,-19.6,-16.6,-4.8,-17.8,-20,-20.2,-24.2,68.6,-7.16,12.94,39,-0.74,-1.033,3.36,-0.66,-10.48,82.306,1.42,-42.64,1.72,2.8,-1.634,0.29,-1.68414,-470.03109,24382.36626,-24091.15073,12863.35427,291.21553,-11227.79645,421.53603,-0.241974589,0.245355726,0.053755989,0.079350305,-0.017594337,-15.78199132,-35.25528,18.61725,23.47671,-1.47485,0.02506,-3.98967,-2.78282,-1.52659,-0.95232,39.86008,0.00036288,0.00063993,-5.5328,-4.1204,-2.62,0,-2.685,-18.6407,-17.0424,-38.023,-185.76547,4.392205,-20.6256,-15.72909,14.63646,8.6345,-0.70098,-0.01956,-0.96477,-1.26611,-0.28284,-3.98003,12.63067,-288.7484228,15216.14791,-14967.42874,7734.447149,248.7191655,-7232.981592,269.4008116,-1298.291572,-36.8377,-275.98,-8.1122,-52.25671,-6921.028,-7.476655,1,4.820282,0,0,0
1EER,7.322219,1668.8,26.83,31.71,41.46,34.19,27.52,37.5,4.983,0.768,70.73,4.88,23,47,13,10091.25,3.02,-109.816,-55.528,-54.288,8.46E-05,-23026.40291,-159.33803,-25257.11021,2390.04533,63186.52795,-87408.08749,-1035.55067,-24221.55954,62150.97728,-24.9942,1897.39627,-1664.95569,-141.23603,232.44058,-1806.19172,36.53891,-90.122,3.325,71.078,-22.807,0.271,-20.623,19.869,-2.847,-6.04,44.795,1.2,2.2,-12.07,-3.5,-2.5,0,0.000089,0.000161,-0.524186,-9.353186,0.106094,0.185369,-0.071275,-40.985138,-27.965,-59.058,-92.695,-406.742,23.337,-27.5,-129.07,7.933,25.875,15.594,18.5,-5.6,-65.7,-60.4,-2.6,7.9,15.2,-378.8,-4.47,-365.8,-540.3,-11.2,-4.582,-11.23,7.72,3.14,151.78,-11,287.2,-6.83,-19.8,-2.823,-0.055,-69.986,-18.158,57.009,-19.388,-0.539,15.56,14.236,6.275,-25.513,-28.646,-9.43,-29.95,-265.039,-577.363,-42.2351,-260.06,-72.965,38.204,0.757,-17,-31.6,-61.8,-95.8,-87.4,-67,-64,-182.6,-27.08,-185.08,-214.8,-38,-26.228,-35.22,-62.32,-93.94,212.786,-12.94,41.26,-12.94,-23,-4.743,-0.023,-4.5971,-368.7432,16882.48731,-16540.11416,8603.1352,342.37315,-7936.97896,345.49399,-0.55704688,-6.57523507,0.11383913,0.19240395,-0.07056483,-40.51636703,-80.60427,43.06096,63.14645,-22.13693,0.29291,-17.41912,15.44768,-3.62926,-4.43206,79.84623,8.39E-05,0.00014901,1.5134,-9.5536,-1.95,-2.125,-0.19,-44.501,-40.2899,-91.492,-375.46082,23.557299,-90.3262,-16.04278,-1.87928,10.87187,0.08819,-0.16139,-1.61919,-2.31784,-0.12594,-3.92817,-0.59725,-400.5753203,18661.59923,-18179.46777,8863.520756,482.1314577,-9315.947021,380.4151626,-663.395214,-40.7645,-517.24,-9.9324,-2.14762,-6666.817,-4.678486,1,0,0,2.954277,0
1EMV,7.954243,762.06,43.48,39.13,17.39,54.37,41.52,3.75,3.006,0.682,52.17,0,13,21,5,3415.5,2.24,-101.376,-49.611,-51.765,2.70E-05,-8843.77222,-80.24772,-9623.68944,860.16494,22412.94086,-31555.04767,-481.58264,-9142.1068,21931.35823,-13.10781,1005.56616,-932.48096,12.6794,73.08521,-919.80156,18.52262,-50.551,3.389,35.656,-5.049,0,-11.159,5.011,-2.253,-3.834,34.283,35.3,4.34,-10.49,-3,0,-1.5,0.000301,0.000349,-0.250065,-3.974454,0.051542,0.087767,-0.028225,-19.341734,-16.061,-26.463,-60.769,-241.155,9.01358,-18.6,-91.02,9.714,3.247,8.736,12.2,3.2,-32.8,-34,0,8.2,13.2,-228.2,-2.76,-214.6,-331,-5.42,-3.094,-10.66,-3.84,0.76,34.622,-6.18,171.28,-2.18,-8,-0.569,-0.064,-0.76,-1.893,11.39,0.56,-0.388,-4.782,-4.47,0.788,-13.342,-17.329,-2.17,0.39,37.282,-132.303,-10.41291,-201.71,-1.165,-2.897,26.754,26,19.8,-1,-4.8,15.6,17.4,18.4,-75.6,3.52,-105.34,-175.6,6.7,1.019,-0.14,0.84,11.78,12.156,3.46,96.82,2.08,2.8,0.215,0.018,-2.3231,-69.50966,5826.98231,-5822.51358,1831.7607,4.46874,-3990.75288,46.65225,-0.26592857,-2.61246036,0.05516684,0.09113406,-0.02796717,-19.06045287,-40.31911,11.64847,28.44376,-7.05601,0.00083,-11.86115,-1.71704,-2.68073,-1.55133,35.28327,0.00027163,0.00037934,2.5375,-5.4884,-3.085,0,-1.24,-19.2772,-20.6961,-52.427,-223.85267,8.530900798,-53.9443,-3.52218,2.15122,2.11182,0.15212,-0.0225,-0.01943,0.65066,-0.24728,0.09578,3.89042,-76.8357781,5960.64399,-5862.038066,1667.383688,98.6059223,-4194.654376,59.4471153,-37.899897,-29.0433,-87.21,-2.6916,-40.60777,-4883.44,-0.303596346,1,-1.098612,0,0,0
1FFW,2.565848,590.55,21.43,50,28.57,36.69,42.24,20.41,2.46,0.858,64.29,21.43,4,6,2,2413.12,2.04,-99.649,-48.389,-51.26,1.67E-05,-7051.09075,-46.46761,-7791.16167,786.53854,19792.70457,-27301.26204,-282.6042,-7508.55747,19510.10037,-7.7578,789.30724,-782.72297,52.85746,6.58427,-729.86551,9.99307,-27.148,1.034,16.738,-4.938,0,-0.533,-6.004,-1.209,-1.676,11.171,48.2,0.67,-3.66,-2,0,-7.5,0.000395,0.000673,-0.227966,1.017527,0.047234,0.073685,-0.01845,-13.065382,-10.047,-19.8,-36.164,-127.473,-9.2826,-11.5,-46.19,-12.321,5.436,8.911,2.2,4,-13.8,-20.6,-7.2,-4.2,-5,-121.6,-7.64,-146.16,-188.4,-7.68,-5.369,-11.56,-13.38,-8.72,18.934,-1.76,83.82,-0.6,0.2,-1.733,0.009,3.175,-5.878,-4.867,-8.965,-0.141,0.6,5.074,-0.123,6.954,-21.195,-2.87,-7.11,-18.009,-159.563,30.032,-296.93,0.58,-11.105,-90.702,14.4,13.6,-15.8,-22.6,1.42E-14,0.4,5.4,-144.4,-5.36,-181.36,-241.4,-2.26,-0.833,-14.48,-1.68,3.7,152.97,-3.18,104.12,2.02,6.6,-0.194,-0.104,-32.37602,-79.28889,4404.5826,-4497.15327,2524.85449,-92.57067,-1972.29876,65.26063,-0.25109878,4.20071325,0.05255837,0.07696345,-0.01640504,-11.46956735,-20.15072,19.12642,10.97406,-4.72328,0.00017,-1.77678,-7.16235,-1.28152,-0.49086,25.45509,0.00040725,0.00063596,-0.7929,-1.9045,-2.05,0,-6.63,-13.9386,-11.8933,-51.853,-103.76548,-7.092625,-25.3755,-8.78212,3.94388,4.06983,-0.9473,0.00041,0.17648,-1.11077,0.29399,-1.32247,4.89807,-89.6372533,5176.799571,-5051.548623,2281.778374,125.2509473,-2769.770251,76.0409488,30.609115,-38.0898,-119.84,-2.6241,-12.84619,-3912.957,-3.526695,1,0,0,0,0
1FSK,5,5267.43,40.65,26.83,32.52,5.09,6.51,2.46,2.413,0.327,4.88,30.89,8,23,0,4630.5,0.44,-107.965,-53.799,-54.166,2.44E-05,-16773.0541,-92.21623,-19039.04726,2358.20939,63285.34802,-82115.20864,-209.18663,-18829.86063,63076.16139,-14.49548,1026.10535,-1030.17258,83.5559,-4.06722,-946.61667,24.48754,-60.357,4.438,42.36,-5.929,0,-12.562,10.519,0.167,-4.158,38.1,28.5,0.54,-6.72,-5,-3.5,0,0.000248,0.000373,-0.256639,-5.521371,0.056293,0.09204,-0.027747,-22.305194,-16.511,-32.751,-67.609,-292.89,16.8072,-9.2,-50.32,20.419,4.16,-5.649,-0.4,-11,-34.4,-43.4,-12,-1.8,-1.6,-167.2,-6.66,-196.82,-341.8,-9.32,-4.5,-8.7,-0.32,-11.78,84.582,-4.22,159.18,-3.24,-12.8,0.013,-0.163,-5.866,-1.309,13.397,-2.279,-0.177,-3.216,2.495,1.186,-0.92,11.032,0.56,5.53,50.722,-36.635,-18.5666,-58.57,-8.301,2.478,15.516,3.2,-0.8,6.2,8.8,5,2,5,50.4,5.44,68.72,66.8,2.38,0.337,3.52,4.24,9.3,23.71,-1.16,-20.94,-3.64,-4,-0.117,0.052,-2758.7585,-383.85789,19528.7688,-19057.32463,9697.29833,471.44418,-9360.02632,356.46571,-0.250343862,-5.422414649,0.055064213,0.08983216,-0.026767872,-21.83982499,-50.29041,12.03751,36.56541,-5.28682,0.00006,-10.65341,9.86182,-0.62679,-2.52604,43.06177,0.00023899,0.00039912,1.1422,-4.8997,-4.515,-3.325,0,-23.7351,-22.8515,-35.483,-258.33615,15.866007,-27.7651,-11.79826,3.06028,5.51278,-0.40817,0.00142,-0.05411,-2.70622,0.21742,-0.63362,9.86463,-394.0393317,20007.34387,-19562.70292,9667.71467,444.6409483,-9894.98825,369.6069405,-341.267493,-23.9891,-104.65,0.0134,27.1024,-4855.442,-2.879537,1,0,0,0,0
1GL1,5.90309,736.28,62.96,29.63,7.41,29.64,56.38,13.11,2.878,0.76,0,22.22,8,2,0,3334.5,2.26,-97.232,-47.286,-49.946,2.89E-05,-6440.58455,-85.26773,-7384.62406,1029.30723,27654.13445,-35044.62359,5.86508,-7390.48913,27659.99953,-12.99333,898.68376,-877.7742,67.77091,20.90957,-810.0033,7.80398,-49.373,4.623,26.755,0.103,0,9.84,-17.003,-0.911,-3.803,31.089,4,-11.61,-4.01,-1.5,-1.5,-1.5,0.000267,0.000397,-0.379636,8.717474,0.07737,0.113135,-0.027765,-14.350388,-14.516,-28.6266,-70.347,-132.645,-0.84781,-10.7,-49.54,40.545,83.546,3.174,9,12.4,-12.4,-17.8,0.8,16.8,19.4,-182,-4.64,-217.66,-308.2,-1.44,-0.686,-12.2,-1.44,13.74,33.218,7.8,162.04,4.62,6.2,1.164,-0.062,10.857,0.335,12.914,0.77,-2.023,3.23,2.286,-2.445,-6.151,-5.631,3.51,0.09,16.262,-204.968,21.14751,19.02,3.255,-10.865,-38.787,30.6,24.4,13.4,14.8,6,17.2,23.2,10.6,10.5,33.14,6,12.46,3.994,13.6,41.08,17.64,148.514,6.5,11.28,5.66,5,1.893,-0.03,-12.5251,-257.23487,12702.28376,-12460.93477,7315.78477,241.34899,-5145.15,227.41206,-0.364254222,7.200317798,0.074717384,0.110137929,-0.027420556,-15.07666548,-42.48689,20.13339,24.05727,-1.18788,0.00184,9.562,-15.61309,-1.30115,-2.86855,43.84788,0.00026016,0.00043143,-11.0779,-3.9978,-1.5,-1.64,-1.29,-21.7831,-21.5927,-80.248,-121.81189,0.66834257,-31.8173,-2.76817,2.47511,1.86757,-0.15653,0.00106,0.9808,-0.34677,-0.31203,0.15838,4.08042,-276.7634775,13462.03995,-13088.41112,7334.488625,373.6288352,-5753.922492,239.0908067,49.5072986,2.4113,-68.7,-0.9373,-0.00472,-2459.471,-1.76164105,1,0,0,0,0
1GXD,5.146128,1176.45,26.32,39.47,34.21,36.24,34.31,28.38,4.127,0.836,10.53,28.95,9,72,0,4657.5,1.98,-110.38,-55.444,-54.936,5.51E-05,-26812.94331,-114.41824,-30035.28494,3336.75987,85233.40393,-114972.1588,-296.53005,-29738.75489,84936.87388,-19.12119,1507.57733,-1440.93588,47.03224,66.64145,-1393.90364,24.23866,-65.314,9.793,49.428,-17.137,0,-6.215,-6.302,-2.516,-4.596,35.811,41.2,-2.16,-6.45,-8.5,-1.5,-0.5,0.000132,0.000257,-0.410557,-5.588253,0.090253,0.142818,-0.044565,-32.49723,-24.418,-46.641,-70.727,-277.462,-0.1016,-13.6,-110.28,44.199,29.716,20.767,10.2,3.6,-25.4,-31.4,2.4,13.4,16.8,-225,-3.76,-246.52,-367.4,-4.4,-2.492,-9.86,2.26,-6.24,53.332,2.34,189.34,1.58,1.2,0.341,0.058,152.516,30.512,-95.006,16.198,-1.166,-2.316,22.035,-1.691,26.873,30.694,27.45,52,258.268,953.338,64.013,894.03,0.871,27.098,287.257,44.6,50,109.4,139.4,82.8,76.8,81.6,480.8,48.68,579.44,734,41.56,24.916,58.94,84.8,50.34,34.856,13.52,-281.96,8.86,14.2,8.789,0.401,107.8189,-615.43958,32559.26889,-32296.97649,16424.94099,262.29238,-15872.03552,528.29381,-0.427944521,-2.701084198,0.09484651,0.144608323,-0.041761927,-30.97956895,-53.07574,28.11004,39.66864,-14.31487,0.01974,-5.50795,-9.13953,-3.16326,-2.41009,52.59647,0.00012855,0.00023903,-3.0032,-4.7571,-8.08,-1.53,-0.835,-34.5685,-34.6665,-81.983,-261.24918,-1.278207,-85.9569,0.08998,9.02813,2.47166,0.09487,0.02577,-0.92763,0.98881,-0.31866,0.00748,11.58534,-650.6730541,34377.69103,-33547.67602,15200.76345,830.0150088,-18346.91257,595.6117496,-552.307542,-30.9751,-171.78,-4.9824,-38.32832,-2474.462,2.567405,1,2.302585,2.302585,4.594024,0
1JIW,5.39794,929.76,41.67,36.11,22.22,46.88,33.19,18.78,3.57,0.821,13.89,11.11,19,16,13,6530.62,3.51,-105.573,-52.379,-53.194,3.55E-05,-17221.6486,-99.04216,-19304.28841,2181.68196,59996.65627,-78883.1648,-417.77988,-18886.50853,59578.87639,-15.64676,1185.11583,-1101.69829,67.14669,83.41753,-1034.5516,19.13368,-59.492,-22.802,39.71,-1.583,0,-3.321,4.049,-1.783,-4.316,15.152,22.7,-2.9,-8.81,-3,0,-1.5,0.000184,0.000368,-0.355716,-1.666284,0.075885,0.119412,-0.035527,-24.291346,-15.663,-35.173,-49.665,-226.79,7.926,-14.4,-71.23,11.744,45.714,12.371,23.4,16.6,-15.8,-20.4,15.4,22,26.8,-189.4,1.66,-215.38,-338.6,3.84,2.094,-3.9,6.46,5.62,67.842,1.22,188.06,1.4,-3.2,0.993,0.027,-30.105,18.033,10.29,-5.291,0.083,9.048,-9.259,1.372,-13.028,-4.297,-10.94,-22.54,42.872,-574.792,-31.5555,-399.95,-30.515,-31.839,12.137,-3.6,-4.8,-19.4,-24.8,-5.8,-0.4,-2.6,-108.8,-6.98,-100.66,-154.6,-9.14,-2.126,-22.8,-42.2,4.86,-5.968,-7.06,65.9,-4.48,-7.8,-2.297,0.122,-42.6723,-467.97101,22970.32464,-22435.09826,13680.27219,535.22638,-8754.82607,404.84258,-0.364853626,-1.634507657,0.078753182,0.122378081,-0.035624828,-25.11476726,-53.53851,37.11112,37.43036,-2.28989,0.0218,-1.44873,2.43459,-2.16676,-2.51947,73.56565,0.00016844,0.00031105,-1.5978,-6.0944,-2.215,0,-0.74,-25.174,-24.418,-48.202,-202.0313,9.2657946,-59.8174,0.03439,-11.31502,0.94831,0.43536,-0.04795,0.89129,-0.27743,-0.19387,-0.2658,-12.51484,-479.6847324,24301.50038,-23451.80126,13207.17701,849.6991238,-10244.62425,456.9328032,-299.07438,-45.0999,-288.14,-4.7075,-12.73385,-6239.796,-5.1599587,1,1.94591,1.94591,0,0
1JMO,2.348305,1350.83,22.22,37.04,40.74,31.43,54.13,13.96,4.832,0.84,37.04,7.41,19,32,5,9433.12,3.49,-111.531,-55.95,-55.581,8.82E-05,-29295.8388,-175.85537,-32191.18136,3071.19793,77105.12755,-108449.8727,-846.43618,-31344.74519,76258.69137,-27.03824,1816.23831,-1674.30828,-39.78482,141.93004,-1714.09309,30.52357,-108.061,9,71.996,-15.435,0,-26.307,-5.274,-5.34,-7.006,56.999,24,-16,-16.26,-9,0,-8,0.000077,0.000137,-0.610134,-5.401928,0.136185,0.208287,-0.064102,-46.005399,-28.508,-62.165,-132.788,-497.229,0.326,-35.6,-166.63,51.646,-9.955,7.283,-2.4,-17.6,-68.8,-82,-30.2,-9.8,-7.8,-362,-20.7,-418.84,-599.2,-25.94,-8.53,-27.9,-25.18,-22.84,53.084,-15.46,274.02,-9.22,-18.6,-2.938,2.099,52.814,17.118,-42.602,-6.919,0.072,-14.802,-0.353,3.178,20.427,19.49,10.05,13.03,133.568,175.054,-36.742,356.8,14.722,-5.105,43.093,-41,-36.8,5,12.2,-19.4,-41.6,-42.2,214.4,0.24,243.52,382.6,-6.2,-2.664,4.62,21.82,19.36,4.888,-7.2,-215.86,-0.62,1.8,-1.939,1.873,790.5321,-135.81049,5866.88066,-6001.35519,4591.3388,-134.47453,-1410.01641,68.87892,-0.612259979,-4.616156052,0.137080887,0.207915773,-0.062834887,-45.48682034,-89.7252,31.01133,60.16815,-11.238,0.00007,-23.19724,-3.75729,-5.41256,-4.6059,77.52429,7.36E-05,0.00014765,-14.5817,-9.6703,-9.11,-0.125,-7.09,-45.9512,-43.5118,-123.843,-472.06504,4.10461,-115.9445,-0.10455,3.34441,1.50411,-0.72346,-0.05877,0.62829,0.70147,-0.11267,2.56349,9.38544,-194.2227386,10010.89829,-9651.656107,4647.585721,359.2421786,-5004.070386,164.5011494,-1109.843157,61.5859,320.1,0.6234,23.10251,1222.372,5.012364,1,6.291569,3.401197,3.048526,3.048526
1JPS,5.991226,5889.63,37.8,29.92,32.28,8.06,4.41,3.02,2.911,0.484,6.3,33.86,19,16,14,5302.12,0.45,-110.125,-55.415,-54.71,2.33E-05,-19071.17241,-98.09191,-21478.20445,2505.12396,67159.68407,-88281.01248,-356.87604,-21121.32842,66802.80803,-16.72337,1563.24376,-1482.83647,26.26152,80.40729,-1456.57495,27.15137,-60.763,5.025,58.581,-9.621,0,-18.047,19.122,-1.871,-5.204,48.307,23,15.65,-10.2,-0.5,-2,0,0.000194,0.00023,-0.134955,-19.118171,0.022848,0.070502,-0.039654,-25.93034,-17.786,-35.491,-59.744,-241.136,22.8515,-8.9,-63.83,1.305,-8.914,-0.835,35.2,16.4,-21.6,-23,8.4,15,20.4,-189.4,3.7,-159.24,-289.6,-6.7,-1.414,-5.32,-0.24,-0.14,113.054,-8.88,154.72,-4.18,-11.8,-1.575,-0.083,-6.328,6.561,0.038,-3.496,-2.947,1.593,16.204,1.991,-6.443,-13.423,2.66,-4.9,-74.167,85.551,13.5756,-83.2,-5.169,-26.315,-2.737,13.4,13.2,2.2,3.6,6.2,6,5.8,-70.6,0.1,-54.6,-67.8,1.92,1.105,-1.06,21.8,10.72,-73.522,2.1,44.1,0.06,-1.2,0.654,-0.073,67.2995,-297.35024,15649.95488,-15878.24184,9484.53849,-228.28695,-6393.70333,280.69494,-0.17963913,-16.33330864,0.03326447,0.08142094,-0.04015646,-26.25110774,-54.801,33.49136,53.31852,-8.15271,0.04877,-15.03343,15.67816,-2.18839,-4.12953,75.12152,0.00018521,0.0002883,15.2692,-8.6229,-0.365,-2.15,0,-26.8284,-18.8297,-22.108,-223.62254,20.938896,-56.4458,-4.96321,9.54631,3.25968,-0.11261,0.05621,0.8104,-0.10254,-0.12963,-0.35081,9.80551,-288.1593193,14519.53676,-14241.27297,8018.600775,278.2637935,-6222.672196,278.2232676,-340.132263,-40.4107,-80.36,-2.6663,-28.54113,-3527.112,0.456488,1,0,0,8.953257,2.811471
1JTG,5.491362,1287.09,52.94,20.59,26.47,35.79,46.05,17.24,2.781,0.449,47.06,8.82,11,27,10,5204.25,2.02,-107.005,-53.301,-53.704,4.37E-05,-14537.97807,-126.62698,-16086.73109,1675.38,44802.4953,-60338.0329,-551.1935,-15535.5376,44251.3018,-20.94884,1587.37646,-1424.54045,-25.96972,162.836,-1450.51018,30.39842,-80.64,8.843,61.422,-12.673,0.618,-18.187,12.869,-0.759,-4.005,56.247,28.8,6.85,-13.33,-8.5,0,0,0.000124,0.000184,-0.44781,-5.237111,0.095956,0.154607,-0.050651,-33.846315,-22.739,-47.499,-35.126,-419.799,25.491,-15.3,-161.82,41.138,24.463,16.706,16.4,-2.8,-44.4,-53.4,-4.2,10.6,16.2,-262.2,-2.04,-268.54,-434.4,-5.62,-2.033,-9,-5.2,-0.98,103.508,-6.52,223.74,-1.86,-14.8,-1.195,0.021,-1.175,1.807,8.63,-2.553,0.024,1.327,0.018,0.357,7.522,34.964,-1.34,0.26,7.578,-130.101,0.169,97.07,-13.471,-17.405,-98.339,1.2,3.2,-9.2,-5,-0.6,-3.8,4.2,-73,4.42,-78.76,-84.6,13.78,-1.487,-1.66,3.18,14.54,73.28,15.22,52.58,9.58,14.8,1.095,-0.088,-91.0023,-122.19927,7794.63386,-7876.06579,3692.30657,-81.43193,-4183.75922,139.32878,-0.460411042,-4.159639656,0.099074917,0.157288073,-0.050213115,-33.69883041,-69.97498,22.92117,54.34245,-11.70071,0.20185,-15.03504,12.74655,-1.91094,-2.52913,66.37119,0.00011686,0.00018037,7.6797,-9.2307,-8.275,-0.175,0,-35.1193,-32.7839,-28.666,-391.68908,27.714911,-115.4775,-16.31229,14.86444,8.95968,-0.31723,0.11832,0.6587,-1.22944,-0.06577,-0.07754,25.14824,-135.5186978,8560.982667,-8537.588438,3563.300098,23.3942285,-4974.288339,145.3226564,-283.246232,-24.9024,-330.08,-7.9417,-64.61385,-7044.896,-2.566383,1,0,0,0,0
1JWH,4.822822,1520.56,30.53,45.26,24.21,10,33.43,5.6,2.507,0.691,30.53,0,1,2,1,5585.62,1.84,-112.289,-56.548,-55.741,2.43E-05,-30059.97935,-72.25604,-33139.6735,3151.95018,78182.49105,-111254.9928,-67.17175,-33072.50175,78115.3193,-11.62824,773.06291,-766.75793,68.45468,6.30499,-698.30324,8.18741,-41.231,3.465,18.793,-2.202,0,-0.786,-3.296,-2.937,-2.955,22.083,51.5,-9.69,-2.73,-3,0,-3.5,0.000252,0.000348,-0.419913,11.614554,0.090349,0.12245,-0.024101,-15.322852,-14.257,-31.246,-86.884,-215.718,-4.699,-14.7,-7.21,13.523,-51.592,12.723,-4.4,-1.8,-21.4,-27.8,-10,-2.8,-2,-125,-4.88,-154.12,-222,-2.46,-2.868,-10.3,-7.3,-7.74,17.418,-0.06,101.12,1.72,3.2,-0.797,-0.015,54.75,-1.69,-30.519,6.911,-2.692,19.086,-9.137,2.347,11.399,-14.528,11.5,26.31,307.185,433.922,33.497,134.76,24.619,126.12,67.363,33.2,23,0,8.8,3.2,12,19.4,-118.8,-0.52,-160.48,-216.4,2.66,0.507,-10.96,2.38,22.76,-62.872,11.2,129,6.3,5.8,0.873,0.205,242.5975,-50.8813,-191.41486,949.42916,668.14837,758.01431,1617.57754,54.87436,-0.399833222,9.037402192,0.085451576,0.119350333,-0.025898737,-16.43999054,-36.6704,16.63033,18.29079,-2.55511,0.00386,0.57912,-5.93817,-3.09502,-1.92271,32.77196,0.00022202,0.00037646,-7.7226,-1.9126,-2.42,-0.095,-3.725,-24.1566,-24.3077,-84.932,-187.09916,-2.35428,11.1324,-11.80924,-11.46509,10.06797,-0.64077,-0.01988,0.6595,2.73485,0.19541,-2.93329,-7.97957,-104.025785,2255.048931,-1740.604822,1864.806778,514.4441077,124.2019541,109.6024075,-880.043963,-60.3558,-170.73,-8.3665,-57.02406,-3433.044,-3.17802,1,8.302018,2.484907,5.398221,0
1KAC,5.255273,751.37,40,40,20,34.77,37.83,26.54,1.26,0.857,0,0,7,13,3,5184,3.45,-104.392,-51.576,-52.816,2.14E-05,-7689.97746,-66.34867,-8852.28003,1228.65125,32267.46041,-40828.17042,-291.57003,-8560.71001,31975.89039,-10.80765,969.66519,-980.32214,74.44911,-10.65695,-905.87303,11.19597,-34.027,1.487,23.13,-9.987,0.309,-13.201,16.124,-0.659,-1.246,11.504,34.9,1.93,-3.67,-1.5,0,-3,0.000269,0.000486,-0.319268,2.869035,0.066566,0.101227,-0.026661,-16.977632,-12.254,-25.846,-48.915,-155.401,11.0401,-10.3,-83.29,112.152,15.469,2.704,19.8,13.8,-10.4,-16.4,8,14.2,14.2,-166,0.82,-161.54,-256,-3.54,1.481,-2.24,-1.4,0.04,13.31,-5,139.76,-2.02,-7.6,0.243,0.038,0.922,1.893,11.581,-2.78,0.202,-6.51,2.813,1.335,-3.819,25.87,-0.14,5.44,180.238,-256.299,5.3054,90.64,19.84,12.593,55.825,-2.6,2.6,-5.8,-7.4,-0.6,6,4.2,-57,0.08,-62.84,-98,-6.52,-0.755,-0.98,-1.42E-14,7.16,9.188,-0.18,53.1,0.04,-0.8,0.387,0.201,-18.5098,-80.07689,2054.28798,-1952.95601,2281.16285,101.33196,328.20684,60.32443,-0.306761948,3.365359093,0.064103959,0.096432485,-0.024328567,-15.74723086,-27.67453,13.4647,19.27616,-6.9216,0.43472,-13.07818,14.49113,-0.71275,-1.17343,22.89391,0.00027435,0.00043817,1.7496,-2.1662,-1.2,0,-2.695,-18.5585,-16.0193,-58.166,-138.41574,12.729223,-58.6967,-12.10016,6.55916,6.85416,-1.66712,0.00191,-1.50249,0.15386,-0.30682,-1.75828,10.79071,-78.2111186,1802.989861,-1633.604982,2054.782787,169.3848786,421.1778034,44.2607165,-143.346732,-71.3488,-269.96,-3.2782,-40.51843,-3637.911,-6.03095,1,1.609438,0,0,0
1KKL,5.113943,1808.59,33.33,36.56,30.11,18.45,16.31,8.99,3.67,0.616,41.94,32.26,6,9,2,6324.75,1.75,-104.116,-51.411,-52.705,3.59E-05,-21614.83677,-82.54839,-23916.9258,2384.63742,61013.17206,-84898.80214,-31.29573,-23885.63008,60981.87633,-13.17333,1015.84143,-977.09988,45.59014,38.74157,-931.50973,15.24535,-44.164,3.285,29.883,-3.35,0,-1.182,2.965,-2.562,-1.692,32.216,57.4,-2.68,-5.36,0,0,-0.5,0.000233,0.000368,-0.261756,-2.38488,0.047376,0.08945,-0.034074,-16.509973,-14.845,-30.062,-93.65,-128.358,11.579,-12.1,-33.73,30.627,15.032,-5.945,22.6,9.6,-24.6,-26,5.6,15.6,18,-195,-2.52,-225.56,-337.8,0.16,1.718,-5.76,3.66,6.78,97.824,-0.58,176.98,-0.18,-4.4,-0.194,0.002,-41.646,-18.287,-5.05,22.308,-0.009,25.09,-21.512,5.124,-22.808,-75.467,2.8,-33.74,-298.495,-366.115,27.2968,-27.95,27.07,-20.954,-216.963,-56.2,-11.8,16.6,5,-26.6,-18.8,-18.6,141.6,3.02,57.76,62,27.3,0.355,1.4,-17.56,18.26,-126.93,44.6,-75.28,25.98,52,2.293,0.01,1267.87657,-565.12396,27757.78765,-26812.92353,13944.13832,944.8641,-12868.78524,459.23134,-0.310654788,0.236005131,0.058953465,0.101980101,-0.035026707,-17.3409489,-38.39515,20.76227,26.75862,-3.3888,0.14128,-3.1498,1.58986,-2.85875,-1.36019,45.90678,0.00020754,0.00037219,-1.8698,-3.9311,0,0,-0.685,-22.7533,-22.9137,-52.425,-127.22821,10.895841,-26.6504,-20.49257,27.42971,9.5299,-0.80168,-0.0031,-1.65327,-0.16477,-0.10376,-3.61527,31.3568,-612.5203111,31320.79671,-30765.88458,15612.55713,554.9121266,-15153.32745,598.0167059,-213.0951895,-69.8337,-481.46,-10.4308,-48.3698,-8514.979,-13.995965,1,2.197225,1.098612,4.450078,0
1KLU,3.717671,4097.04,25.53,45.74,28.72,5.51,5.35,3.97,2.216,0.729,12.77,53.19,7,8,9,4674.38,0.57,-109.933,-55.002,-54.931,1.30E-05,-24141.03594,-63.96894,-26601.0848,2524.0178,63639.36894,-90068.60673,-171.84701,-26429.2378,63467.52193,-10.41747,933.76459,-922.22581,72.56683,11.53879,-849.65897,11.14113,-37.107,4.921,24.639,-5.572,1.595,-8.244,6.87,-1.882,-1.621,26.767,74.7,1.35,-4.83,-3,0,0,0.000345,0.000548,-0.215501,-1.156425,0.039523,0.072543,-0.025019,-12.940324,-12.969,-23.088,0.071,-164.893,9.1526,-10.6,-53.24,4.078,-58.355,13.269,6.4,3.2,-13,-18.6,-3.8,1,3.4,-107.4,-2.48,-114.34,-164.2,-4.3,-1.721,-4.54,-4.52,1.66,22.488,-2.74,82.88,-0.28,-3.8,-0.336,-0.012,-5.914,15.344,-28.687,4.743,-0.468,4.151,7.986,2.389,-14.324,-33.462,-10.16,-31.39,-195.827,-250.069,2.0327,-264.41,5.937,-10.896,-113.642,3.6,7.6,16,27.8,2.4,-10.2,-14.6,137.2,-4.4,102.9,218.6,-13.22,-0.088,-6.16,15.08,31.08,21.746,-4.7,-115.04,-3.52,9,-0.404,1.818,1752.7175,-210.3494,9137.80518,-9118.85918,5083.78425,18.946,-4035.07495,204.51249,-0.226836903,-0.534189763,0.042215538,0.07542786,-0.025212323,-13.12075342,-33.54035,21.24845,22.90627,-4.17239,0.32833,-8.91704,6.46248,-2.29161,-1.59979,42.30663,0.00033381,0.00048489,0.8707,-3.4767,-3,0,0,-17.6201,-11.3268,-14.064,-157.48863,10.275348,-29.9718,-16.86265,22.54865,10.19661,-0.03896,-0.08728,1.74737,-0.53706,-0.21142,-0.32804,30.9635,-217.5916589,9006.454906,-8982.674481,5056.088138,23.7804237,-3926.586343,203.560152,-726.229938,-42.9466,-263.97,-4.1579,-18.06991,-5769.541,-0.059055,1,0,0,-3.428294,0
1KTZ,5.869232,500.16,40,20,40,25.01,44.97,29.03,2.838,0.872,0,50,7,21,8,1623.38,1.62,-100.829,-49.28,-51.549,1.45E-05,-6378.54429,-49.39659,-7092.48208,763.33438,19572.04056,-26211.31874,-453.20389,-6639.27819,19118.83667,-7.80021,692.47831,-662.12736,24.33291,30.35095,-637.79444,10.17635,-29.404,-0.021,16.508,-3.66,0,-8.993,-12.414,-1.987,-2.164,13.308,17.7,-5.74,-5.48,0,-1.5,-1.5,0.000508,0.00051,-0.160272,-1.614931,0.029684,0.05498,-0.017297,-10.465172,-10.72,-17.753,-21.266,-145.97,-4.2629,-9.9,-50.1,10.37,41.861,22.166,-1.8,-3.8,-17.8,-21.4,-3.8,2.2,4,-90.2,-4.54,-116.88,-183.6,-4.22,-2.051,-9.3,-13.68,-4.04,39.254,-2.74,82.8,-0.96,-2.8,-0.916,0.016,-4.126,-5.632,7.672,-3.277,1.042,5.511,0.185,1.865,-2.607,-12.138,2.95,-0.83,-25.942,-112.965,24.9823,-141.46,49.66,67.032,5.178,1.6,-0.6,-7.2,-16.4,-6.8,-2.2,0,-18,2.16,-28.5,-74.8,-0.08,-1.892,-0.18,8.78,-14.14,50.18,-1.52,26.46,0.24,-4.4,-0.472,0.131,106.9585,21.57374,-2246.60275,2205.40402,-881.67354,-41.19874,1323.73046,-33.43371,-0.17622027,-0.11204301,0.03378041,0.05818387,-0.01640352,-10.18366657,-24.73712,15.38177,12.94388,-2.96448,0.0005,-6.41749,-12.44358,-2.12554,-1.11373,27.38936,0.00049974,0.00064249,-6.662,-3.4492,0,-1.53,-1.5,-13.5176,-14.4639,-39.786,-138.42376,-1.991862,-45.6632,-3.29289,11.59389,1.72907,-0.34732,0.0996,-0.2824,0.16251,-0.49107,1.00719,15.16299,23.879925,-2400.46047,2528.51138,-1125.481474,128.0509109,1403.029907,-44.3204059,16.187604,-18.7157,-122.18,-2.1605,4.33246,-1250.123,-0.430152,1,-2.484907,0,-5.438404,0
1KXQ,5.372912,1082.59,53.57,21.43,25,31.41,43.43,24.36,3.676,0.621,14.29,10.71,12,3,18,4576.5,2.11,-106.317,-52.716,-53.601,3.78E-05,-21982.82394,-107.46554,-24323.34284,2447.98444,64941.81317,-89235.91238,-29.24363,-24294.09921,64912.56954,-17.13472,1161.23137,-1169.5278,137.57794,-8.29643,-1031.94987,22.61882,-66.298,6.57,43.894,-6.262,0,-14.354,-4.142,-2.041,-2.969,45.162,32.5,-6.2,-5.76,-3.5,-4.5,-6.5,0.000169,0.000207,-0.340719,-5.913131,0.076961,0.120263,-0.035302,-28.858959,-19.282,-39.206,-63.961,-358.451,-2.5074,-9.6,-116.53,17.59,-17.22,11.32,-2.8,-7.6,-37.2,-41.6,-1.2,9,5,-206.4,-11.7,-239.26,-362.8,-8.86,-4.01,-19.54,-14.36,-12.56,16.808,-6.46,175.56,-2.74,-5.8,-1.534,-0.037,-13.939,5.154,8.681,3.583,-0.185,-2.735,-3.734,0.358,6.847,13.409,2.06,-0.59,100.861,-44.765,-5.2249,-70.67,2.703,-34.092,-26.603,-0.8,7.4,5,9.4,14.4,19.6,19.6,-45.6,-0.1,-62.48,-96.4,12.06,4.693,0.42,13.32,17.7,-156.29,11.86,48.02,4.62,11.2,-0.48,0.014,-2192.5813,-493.44626,24726.12539,-24493.34705,14137.31357,232.77836,-10356.03347,402.264,-0.338192663,-5.553737173,0.076656745,0.118940582,-0.034283847,-28.40895057,-56.1378,24.69341,37.09731,-5.82905,0.11566,-14.31018,-7.40722,-1.63483,-1.79692,56.70264,0.00016181,0.00024039,-6.1274,-4.5806,-3.45,-4.49,-5.905,-28.8246,-27.0281,-81.035,-327.35064,-5.687714,-100.5566,-2.87233,0.31833,2.7788,0.12148,-0.05455,0.22627,-0.16915,0.14672,-0.32322,2.97349,-518.6002849,26066.23048,-25682.3108,13895.7882,383.9196795,-11786.5226,436.5373061,-336.84562,-12.501,-190.93,-2.9471,-8.12891,-5023.644,-11.318788,1,0,0,0,0
1LFD,6.886491,603.23,31.58,36.84,31.58,45.13,30.17,23.62,1.212,0.56,31.58,15.79,9,24,6,4127.62,3.42,-102.33,-50.15,-52.18,1.59E-05,-11147.77247,-59.07691,-12137.02321,1048.32765,26991.2126,-38700.93845,-427.29737,-11709.72585,26563.91523,-9.71007,987.31447,-949.49582,29.05993,37.81865,-920.4359,16.08466,-35.743,2.633,30.828,-8.352,0,-11.377,3.407,-2.038,-3.712,22.378,41.9,1.51,-7.47,0,0,-3,0.000375,0.000602,-0.124486,-9.600024,0.020518,0.05408,-0.025562,-15.717609,-12.49,-20.201,-72.286,-146.483,8.1214,-8.6,-89.19,32.365,-4.499,12.607,11,0.2,-17.2,-21.2,-3.2,1,4.8,-97.2,-1.26,-88.48,-153.2,-4.08,-2.038,-3.58,-7.04,-2.2,75.07,-6.4,73.04,-3.52,-9.8,-0.892,0.029,-1.301,0.878,-7.308,-3.772,0.152,-2.145,-2.408,0.609,-0.143,-9.032,-0.58,-5.57,18.17,58.043,21.3134,81.88,7.15,25.264,-50.309,-12.4,-7,10,5.4,1,-1.2,-4.6,104.2,-6.26,32.04,86,-2.32,-0.066,5.82,13.78,21.02,-107.15,-1.6,-60.42,-1.18,5.6,-1.021,-0.086,-24.3268,-102.79978,5193.36764,-5123.02085,3038.35152,70.34678,-2084.66935,98.2214,-0.137632896,-7.428303292,0.023078885,0.055449448,-0.024370594,-14.30926981,-30.81355,15.77463,26.46048,-8.43696,-0.00002,-9.8967,2.28445,-1.90396,-2.48759,31.86907,0.00037029,0.00055086,1.2678,-4.9335,0,0,-2.355,-15.0571,-12.7159,-9.023,-139.71092,3.745407,-62.3867,-8.10568,-0.10286,5.22871,-0.27274,-0.04164,1.21132,-0.19702,-0.34014,-1.43684,3.09279,-112.7782035,6338.003466,-6142.595397,2909.924072,195.4080673,-3232.671327,121.1613066,-59.678623,-34.811,-187.98,-3.5853,-18.9697,-4773.391,-6.4210133,1,0,0,0,0
1MAH,7.431364,1029.02,40,40,20,36.51,52.38,10.12,3.306,0.643,14.29,2.86,12,22,0,3685.5,1.79,-102.462,-50.506,-51.956,3.72E-05,-20707.32212,-109.67466,-22985.28199,2387.63453,61888.10768,-84569.63983,-303.74983,-22681.53216,61584.35785,-16.63039,1055.71393,-970.20952,36.42687,85.5044,-933.78265,19.1154,-62.596,4.214,38.914,-4.424,0,-0.961,-10.694,-3.946,-3.305,33.579,30.9,-7.87,-8.69,-3.5,-0.5,-1.5,0.000186,0.000289,-0.356838,-1.872405,0.077342,0.120063,-0.034721,-24.931986,-20.13,-34.5946,-65.389,-323.687,-3.727,-17.5,-128.58,0.815,49.436,33.388,1.4,-6.4,-35,-44.6,-13.2,-3.2,-3.6,-238.4,-5.16,-221.1,-350.8,-7.36,-1.811,-6.98,-4.28,-8.56,7.04,-5.44,171.9,-1.68,-8.2,-0.686,2.024,55.354,16.144,-31.787,6.36,-0.977,2.989,1.555,1.398,10.862,15.183,12.04,39.36,263.453,420.015,20.1385,379.82,-2.469,-5.694,-59.775,3.2,-0.6,4.8,6.6,22.4,29,24.2,51.2,5.28,20.92,-37.4,-3.32,2.904,4.78,-9.96,15.48,-204.964,-12.72,20.14,-6.1,-15,1.601,0.114,196.04787,-612.19209,28462.73049,-28256.50103,17207.14711,206.22946,-11049.35394,484.20446,-0.374937278,-1.094618093,0.082616825,0.124962732,-0.034345959,-25.72681615,-56.1127,25.50591,35.53771,-4.97196,0.18765,-2.3529,-10.7994,-3.47632,-2.2901,55.35498,0.00017363,0.00028453,-7.5948,-7.3285,-5.95,-0.385,-1.05,-26.7572,-25.9279,-67.969,-302.45218,0.366366,-97.7024,-6.03884,10.64125,4.22349,-0.16108,0.02069,-1.40453,0.39845,0.27197,-0.05901,14.48184,-662.440513,30892.55164,-30200.28505,16643.33398,692.2665867,-13556.95108,555.5451037,-377.562418,-68.737,-506.56,-7.6349,-53.9608,-10100.302,-5.381121,1,0,0,0,0
1MLC,4,5358.06,48.78,21.95,29.27,3.88,5.43,3.02,1.693,0.569,5.69,31.71,8,17,3,2527.88,0.24,-106.443,-52.723,-53.72,1.70E-05,-17113.33872,-75.30773,-19232.31339,2194.28239,60860.96293,-79865.63633,-227.63999,-19004.67339,60633.32294,-11.93902,934.80942,-891.44992,53.02177,43.35951,-838.42815,17.28797,-47.465,6.561,36,-5.893,-0.001,-16.822,10.184,-0.837,-2.427,37.149,51.5,1.94,-5.3,-2,-6.5,-1.5,0.000308,0.000467,-0.208045,-5.764053,0.038753,0.076368,-0.029616,-17.318138,-15.437,-26.602,-44.178,-216.117,9.243,-8.4,-76.85,52.745,20.827,17.461,14.8,5.4,-16.4,-20.8,4,12.8,15.4,-125.2,-0.98,-146.52,-261,-0.86,0.871,-6.7,18,3.94,19.23,-6.1,138.68,-3.12,-8,-0.399,-0.14,8.037,13.404,-13.028,8.954,-0.134,-13.388,-7.67,-0.821,9.902,33.582,4.96,6.14,151.152,-22.363,-12.258,223.74,-11.661,-26.374,42.311,-18,-13.4,-17.2,-39.2,-15.6,-17,-27.2,-107.8,-11.8,-138.38,-175.8,-10.38,-3.082,-5.58,-11.42,-4.54,-66.75,4.78,74.78,-2.14,-7,-0.71,0.18,135.3274,-410.63268,21435.65972,-21299.36537,10833.686,136.29438,-10465.67936,382.7252,-0.20534499,-4.794863398,0.038259031,0.074158133,-0.027899082,-16.20178899,-39.51186,30.71458,30.73534,-5.28439,0.05357,-15.43155,7.42053,-0.77139,-1.88715,54.98533,0.00030659,0.00048898,2.0775,-3.6845,-1.595,-6.535,-0.895,-19.4074,-17.7706,-31.248,-200.93255,11.057529,-56.7391,-5.56525,25.14316,2.56734,-0.2851,0.03605,0.33719,-0.27882,-0.37736,1.03047,28.81888,-414.2645733,22110.37114,-21652.29994,10604.90995,458.0711909,-11047.38999,405.9014439,-225.645733,1.4258,199.61,3.2709,28.7457,700.155,-8.618374,1,0,0,3.0937,0
1MQ8,5.123852,629.66,33.33,33.33,33.33,43.87,34.09,21.1,1.819,0.738,0,50,7,8,1,4299.75,3.41,-106.14,-52.662,-53.478,1.06E-05,-12907.35255,-60.79173,-14336.63226,1490.07144,37382.35605,-51748.46727,29.47897,-14366.11122,37411.83501,-9.60709,820.47859,-804.48172,41.80508,15.99686,-762.67664,16.38447,-35.893,2.678,28.421,-6.118,0,-4.912,7.275,-1.048,-0.651,23.957,17.8,1.33,-3.53,-2,0,0,0.000358,0.000509,-0.184697,-5.12343,0.032893,0.067806,-0.026913,-14.930503,-11.076,-18.761,-2.737,-129.911,9.853,-3.9,-41.27,50.572,16.43,9.79,28.6,16.2,-13,-20.4,-1.8,6.4,12.8,-139,2.08,-122.9,-197.8,-1.36,0.532,0.62,3.5,9.38,73.372,-2.62,109.48,-2.2,-7.6,1.015,0.113,137.272,-3.011,-70.425,-3.263,-0.21,-3.067,27.434,2.824,22.646,-40.626,27.64,45.44,369.37,472.778,70.22,478.98,0.956,34.283,147.349,13.8,-7.6,12.4,27.4,15.8,4,13.6,194,19.02,313.8,385.8,10.54,7.069,27.92,17,-5.58,89.688,-13.54,-179.92,-4.94,-10,-0.439,-0.242,39.3155,-11.20193,-373.29689,192.47821,820.84705,-180.8187,1013.32527,38.89787,-0.18935992,-5.36423517,0.03386653,0.06967011,-0.02780358,-15.46155058,-29.2608,12.35035,23.37958,-5.84842,0.00003,-5.89824,8.86373,-0.86355,-0.57629,31.36012,0.00031615,0.00045267,1.582,-2.2132,-1.39,0,0,-13.7338,-8.9575,-17.682,-118.41268,9.972282,-27.8999,-9.91393,-2.03552,3.90113,-0.16408,-0.03457,-0.75154,-0.98259,0.11621,-0.7303,3.62633,-11.4887033,-434.1865586,283.4830397,424.7490556,-150.703518,708.2320941,38.5044037,-213.433061,-52.9494,-287.27,-4.7317,-34.52495,-6198.439,-4.852856,1,1.791759,0,0,0
1P2C,4.624282,688.26,58.33,20.83,20.83,33.19,46.4,19.77,1.661,0.633,0,16.67,8,22,11,2257.88,1.64,-106.418,-52.71,-53.708,1.70E-05,-16585.21501,-77.92605,-18676.72861,2169.43965,59691.81206,-78213.8147,-154.72596,-18522.00265,59537.0861,-12.25211,944.94807,-877.96245,31.32334,66.98563,-846.63912,17.95167,-49.528,6.193,37.436,-4.841,0,-15.379,10.734,-0.509,-2.402,36.464,75.9,1.6,-3.4,-2,-6.5,-1.5,0.000314,0.000511,-0.185989,-6.196433,0.032896,0.069694,-0.028799,-16.004296,-14.749,-27.241,-57.246,-228.113,6.148,-8.7,-58.38,50.79,13.81,-0.46,11.4,3.6,-14.8,-19.2,5.4,13.6,14.6,-112.8,-2.02,-141.82,-248.6,-1.88,0.874,-5.1,16,2.54,15.17,-5.92,129.48,-2.72,-5.8,-0.853,-0.139,9.578,19.034,-16.075,7.524,-1.28,-1.809,-7.044,0.128,5.342,8.05,1.69,7.47,181.245,-165.852,-7.659,71.29,-11.829,-21.585,67.174,-23.2,-24,-27,-29.2,-38,-28.6,-34.2,-37.6,-17.34,-51.94,-56,-15.74,-9.982,-29.7,-31.4,-20.72,-28.552,-4.48,-3.04,-5.08,-9.4,-3.347,2.406,35.001,-394.78264,20735.16351,-20492.19853,10278.90377,242.96498,-10213.29476,364.70292,-0.192536653,-5.279670857,0.034899776,0.070601071,-0.027701194,-15.68504181,-40.70392,25.12033,31.71768,-4.19035,0.00149,-14.47816,7.72188,-0.79235,-1.98507,51.22627,0.00030341,0.00051949,1.4672,-3.5698,-1.755,-6.3,-0.685,-19.7722,-17.6328,-34.942,-214.28827,10.851531,-46.7926,-5.48731,10.92419,3.31688,-0.41744,-0.07556,1.19693,-0.28865,0.02276,-1.4981,10.97755,-404.5675627,21165.04251,-20844.44801,10120.67833,320.5944999,-10723.76968,383.6618416,-427.921316,2.9317,-100.46,-4.1406,-22.71762,-7416.502,-2.515112,1,0,0,-1.470197,0
1PPE,6.826075,764.21,64.52,25.81,9.68,35.04,39.73,23.68,2.693,0.725,32.26,16.13,12,16,6,1994.62,1.31,-96.361,-46.634,-49.727,3.28E-05,-5744.11068,-100.65009,-6584.38052,940.91993,25594.4908,-32090.20641,-88.66491,-6495.71561,25505.82588,-15.23888,1012.52415,-968.09855,62.8884,44.4256,-905.21015,17.06263,-62.692,-3.598,38.028,-0.092,0,1.048,-17.817,-0.227,-5.369,27.858,3.2,-12.58,-7.47,-3,-0.5,-1.5,0.000244,0.000345,-0.297661,-3.49389,0.064031,0.102785,-0.030754,-22.584868,-18.643,-31.0973,-91.12,-223.792,-4.1204,-15.8,-99.59,6.842,39.147,9.106,-15,-15.4,-36,-40.6,-15,3.4,3,-192.4,-12.04,-254.04,-388.6,-5.28,-3.756,-13.54,-10.42,1.08,17.992,3.28,175.86,2.22,2.4,0.417,-0.054,11.773,4.73,1.61,-1.159,0,-0.985,0.506,-1.125,-3.807,-2.186,0.18,0.59,2.57,7.15,6.0282,123.5,-23.797,5.195,-0.703,4,5,11,3.6,3.6,7.6,8.6,19.2,8.26,54.62,45,7.98,4.656,5.46,8.98,11.74,22.79,4.02,-10.02,1.36,4,1.268,0.086,-1.73348,-239.48214,12052.30191,-11928.85899,7358.13857,123.44292,-4570.72041,210.8627,-0.29741385,-3.08480933,0.06366976,0.10214626,-0.03047645,-22.06796103,-53.8217,21.50827,34.43236,0.02855,0.00366,1.98405,-17.57022,-0.80746,-3.23709,52.67328,0.0002305,0.00036279,-11.1308,-5.4884,-3.09,-0.33,-1.46,-23.4233,-24.0548,-94.341,-194.31527,-3.312351,-70.6086,-1.36378,-7.40617,0.50185,0.20536,0.00294,0.46884,0.48269,-0.13585,0.0254,-7.23053,-257.1263752,12910.08995,-12535.53563,7062.586832,374.5543237,-5472.948798,229.3985388,-47.2314697,-56.7346,-211.94,-3.4824,-25.72796,-5157.269,-4.715029,1,0,0,0,0
1T6B,4.724276,949.49,30,30,40,46.14,38.76,13.93,2.38,0.857,0,20,10,17,5,5346,2.82,-108.939,-54.287,-54.652,2.74E-05,-31381.96608,-92.92962,-34793.35714,3504.32068,90210.18595,-124806.2258,-197.3173,-34596.03984,90012.86864,-14.92234,1204.91591,-1129.96055,38.04222,74.95536,-1091.91832,25.08438,-57.183,4.535,43.411,-5.864,0,-10.6,4.892,-0.632,-1.658,36.384,72.2,1.64,-5.44,-1.5,-3,-6.5,0.000188,0.000286,-0.238388,-10.218307,0.047714,0.092432,-0.036718,-24.444226,-14.685,-30.074,-64.848,-210.762,3.241,-5.8,-60.26,26.611,-26.446,12.004,22.6,12,-24.6,-33.6,8.4,18.4,18.6,-207.8,-7.12,-265.18,-398.4,-1.88,-0.985,-10.9,0.14,-6.48,57.584,-3.96,201.34,-0.86,-8.2,-1.241,-0.009,-4.53,4.353,11.113,1.123,2.229,11.833,3.361,2.644,5.79,-2.957,-2.43,-10.57,28.457,44.935,54.821,-22.68,18.428,26.758,-37.726,27.8,18,4.8,11.2,4.8,2,7.2,-21.2,8.14,42.5,60.4,-7.18,-1.08,-5.02,20.1,-15.06,36.288,-4.2,-19.2,-2.84,-1.6,0.924,0.02,-1197.4753,-719.55332,41576.47603,-40532.51409,18509.11935,1043.96194,-22023.39474,771.34929,-0.244549449,-8.997717459,0.049722643,0.092797449,-0.035074816,-23.82251045,-48.83169,24.87611,38.71311,-5.87621,0.0117,-10.09141,4.18866,-0.91619,-1.27631,55.56043,0.00018943,0.00029547,1.9899,-4.4427,-0.685,-2.995,-5.895,-21.517,-18.2463,-42.042,-183.07631,7.65005,-54.4999,-6.97522,-10.10184,4.82155,0.43527,0.02052,-0.29529,0.91069,-0.3881,-3.68246,-10.67942,-762.0577329,43922.26134,-42954.47,19001.12904,967.791337,-23953.34096,802.8796687,-553.950945,-55.3206,-315.34,-5.9684,-73.97999,-6651.312,-8.48873,1,-3.178054,0,6.151042,3.464666
1VFB,6.143015,2633.38,57.14,22.22,20.63,10.14,10,5.2,1.554,0.63,0,33.33,12,6,8,3641.62,0.69,-104.886,-51.74,-53.146,1.96E-05,-12583.30052,-66.41367,-13910.67901,1393.79217,37659.23511,-51596.26312,26.349,-13937.02801,37685.58411,-10.59405,905.3591,-796.88777,-24.58369,108.47134,-821.47146,17.99978,-41.915,-0.13,32.526,-2.621,0,-9.098,5.141,-1.912,-5.128,24.938,34.1,7.54,-8.95,0,-1,0,0.000309,0.00038,-0.144689,-10.766324,0.027723,0.062323,-0.026601,-19.031829,-13.238,-24.556,-21.112,-219.167,5.434,-9.4,-12.1,61.102,15.93,18.894,1,-9.6,-26.8,-30.2,1.4,11.8,12.8,-136,-3.22,-145.66,-261.8,-2.38,0.478,-3.72,-7.46,-7.02,66.304,-4.46,130.92,-2.1,-7.4,-0.653,-0.074,17.477,-10.902,-12.645,0.202,-0.41,0.358,1.65,0.326,0.057,-16.132,-2.25,-3.41,-92.243,-295.776,-23.6765,-145.79,18.783,6.514,-51.229,-9.2,-6.6,7.4,-7.6,-14.6,-14.4,-18.4,45.6,-7.48,-1.76,-8.2,-5.92,-4.755,-14.28,-22.54,-16.72,-147.532,-1.72,-25.02,-0.06,1,-1.056,0.037,70.9082,-122.29459,5739.2046,-5784.60882,3358.89247,-45.40423,-2425.71635,103.07959,-0.152694253,-9.879501859,0.029333899,0.063750485,-0.026416606,-18.62540428,-35.5467,11.7595,29.00568,-2.93883,0.00007,-9.17286,1.51996,-1.84225,-2.67592,38.14077,0.00028621,0.00044163,6.8998,-5.9427,0,-1.36,0,-18.8912,-14.5279,-21.184,-204.47116,5.892882,-8.6224,-7.97588,29.98226,4.60034,-0.76358,0.05765,-0.45368,-0.06154,0.10644,0.28769,34.25118,-131.6832818,6387.126245,-6377.26932,3366.408381,9.856925,-3010.860937,128.1584241,-18.59145,-30.797,-211.82,-3.3483,-21.77446,-1979.291,-0.700959,1,0,0,0,0
1XU1,5.964731,2540.56,28.68,46.32,25,10.98,11.86,7.36,3.16,0.458,0,63.24,13,15,3,2268,0.45,-99.496,-48.65,-50.846,2.81E-05,-17891.20234,-84.45627,-19663.72665,1856.98058,47730.67232,-67216.77877,-177.6202,-19486.10645,47553.05213,-13.22325,1042.5369,-985.17583,29.66727,57.36107,-955.50858,18.55498,-50.766,3.637,33.873,-2.715,0,-3.755,4.923,-1.926,-3.037,34.822,70.3,2.98,-8.05,-2.5,-0.5,-4.5,0.000274,0.000449,-0.236033,-6.702546,0.045274,0.086864,-0.03359,-20.201065,-16.075,-26.7138,-73.036,-236.308,7.0413,-15.5,-32.7,31.086,5.636,17.92,9.4,-1,-32.6,-39,-11,-4.4,-1,-206.2,-5.74,-219.92,-316.8,-7.46,-4.086,-10,-3.5,-1.72,40.758,-4.68,151.14,-2.38,-8,-1.642,0.001,-19.854,-6.125,14.162,3.063,0.657,-10.56,-5.791,2.749,-13.352,-20.212,-5.38,-28.52,-254.26,-321.434,7.5419,-195,32.676,42.747,-44.577,10.3,21.7,24.2,29.5,-12.4,-22.1,-17.5,56.8,-3.76,112.63,263.5,-12.61,-7.282,-9.01,-34.58,0.82,-38.518,-2.26,-124.94,-4.13,1.1,-2.553,-0.156,237.56242,-495.89115,24902.70801,-24407.61633,13133.80636,495.09168,-11273.81,402.68668,-0.239820091,-4.927612657,0.046750263,0.085692081,-0.030941859,-18.86618514,-44.07685,25.00427,28.6868,-4.25225,0.01229,-2.1505,1.79575,-1.81738,-3.55655,48.65459,0.00027536,0.00042819,0.8225,-5.6473,-2.465,-0.265,-4.25,-20.1022,-21.2787,-54.607,-234.36625,1.555991,-31.9092,-6.414,4.35926,2.80807,-0.00834,-0.14832,-0.38492,-0.43111,-0.15648,0.0334,7.90579,-515.4434757,26163.55855,-25792.36758,13739.41524,371.1909704,-12052.95234,454.8289293,-126.281189,7.0429,-239.85,-4.0814,-20.75011,-5637.273,-0.487922,1,0,0,3.12908,3.12908
2AJF,4.85248,812.49,38.46,23.08,38.46,49.71,35.61,13.68,2.371,0.944,73.08,7.69,8,13,3,7148.25,4.4,-109.682,-54.948,-54.734,2.68E-05,-26155.28775,-78.48455,-29295.41435,3218.61115,81180.43703,-110369.1018,-106.74962,-29188.66473,81073.68741,-12.98559,966.94603,-916.42405,76.45495,50.52198,-839.9691,17.83202,-45.855,5.064,32.252,-5.289,0,-11.635,8.439,-1.581,-2.223,30.227,47.9,2.06,-6.83,-5,-0.5,-1.5,0.0002,0.000296,-0.28811,-4.362735,0.057149,0.100825,-0.035675,-21.401714,-14.627,-33.255,-48.422,-232.101,9.4608,-9.6,-86.96,44.528,32.567,12.057,13.8,3.4,-25.4,-35.6,-0.2,9.2,10.6,-172.2,-4.24,-178.92,-292.6,-5.12,-0.584,-5.86,-10.44,-3.16,86.668,-8.08,145.82,-3.7,-8.8,-2.079,0.078,37.575,22.828,-8.343,1.086,0.095,0.009,-14.844,1.54,16.365,41.263,2.75,15.95,124.137,411.383,-7.4833,-90.75,26.729,30.488,72.831,23.8,17.4,23,18.2,17.8,20.2,29,61.8,14.68,113.5,125.8,7.6,3.371,10.54,8.24,-29.86,158.358,4.22,-28.8,0.08,2.4,1.738,-1.616,1407.4079,-574.70996,31329.20942,-31478.83811,16853.17694,-149.62869,-14625.66117,521.1641,-0.301027552,-1.6057235,0.059802313,0.10132025,-0.033517927,-19.43578435,-38.24375,20.17807,26.35674,-3.58507,0.00054,-10.55952,5.61504,-2.14659,-1.40428,42.13972,0.0002003,0.0003757,2.157,-4.418,-4.94,-0.42,-0.855,-24.5823,-22.7173,-36.393,-209.72616,9.005813,-59.1764,-4.06739,-9.15831,4.61889,0.24619,-0.01146,0.60581,1.4154,0.13614,-0.88638,-8.0498,-597.8123923,32097.35146,-31615.38866,16016.01068,481.9628003,-15599.37798,564.8525215,-663.241649,-21.0998,-105.34,-7.5852,-81.52538,-4679.506,-3.637008,1,-1.098612,0,-2.840977,0
2B42,5.557507,1246.17,38.46,43.59,17.95,34.15,43.44,21.46,4.321,0.687,2.56,41.03,9,21,6,7688.25,3.08,-108.101,-53.842,-54.259,4.67E-05,-13260.09604,-132.41,-15215.42537,2087.73933,55609.72293,-70587.42629,-237.72202,-14977.70335,55372.00092,-20.9531,1439.78197,-1422.33004,158.52766,17.45194,-1263.80238,30.69724,-79.574,7.98,62.078,-6.834,0,-26.314,25.239,-1.092,-2.892,59.815,13.1,3.8,-7.34,-15,0,-1.5,0.000131,0.000202,-0.292666,-15.601072,0.064675,0.117644,-0.044968,-34.884042,-23.08,-49.061,-57.138,-376.227,18.0262,-12.8,-150.02,10.233,5.439,-1.943,21.2,4.2,-28.6,-37.2,7.8,21.2,23.8,-182,-3.02,-222.86,-404.4,-5.78,1.352,-9.06,-2.78,-11.14,57.784,-15.38,204.12,-7.1,-14.4,-1.658,0.02,11.578,16.87,-13.738,2.049,0.567,-0.101,4.071,1.659,3.736,24.614,3.27,1.08,8.737,-19.542,-13.5859,-15.37,-3.456,-2.426,35.807,-34.2,-14,6.2,0.2,-24.6,-31,-38.8,53.2,-7.34,69.64,162.4,-1.48,-7.433,-1.28,-11.92,-19.16,-120.34,11.74,-101,5.74,12.4,1.337,0.072,1273.8817,-197.32056,8610.79808,-8360.55645,5369.68575,250.24164,-2990.87069,148.26941,-0.309257535,-13.9560552,0.069155798,0.120865091,-0.043709313,-34.57486992,-68.66016,26.96152,54.54544,-6.52212,0.11463,-27.44464,21.84637,-1.54841,-2.61881,72.33434,0.00012533,0.00019256,3.1944,-6.8607,-13.39,-0.05,-1.61,-36.5666,-34.1149,-40.2,-350.16932,19.573626,-103.5104,-4.78933,12.2159,3.83025,-0.09727,0.0482,-1.57114,-0.32393,0.17262,2.24745,17.64324,-221.5851118,9853.390387,-9611.116937,5618.52964,242.2734477,-3992.587298,153.2990524,-448.162169,58.6353,272.39,4.0764,89.14194,-556.894,3.575816,1,0,0,0.528549,0
2B4J,5.676694,1232.96,39.73,34.25,26.03,17.66,24.48,5.41,2.42,0.528,60.27,15.07,6,12,3,3088.12,1.25,-103.1,-50.587,-52.513,1.69E-05,-12257.10215,-58.38941,-13701.11103,1502.39829,38034.94275,-51489.64918,-246.40461,-13454.70642,37788.53814,-9.76525,847.10079,-826.68898,64.49466,20.41182,-762.19432,12.40277,-36.955,4.461,23.375,-8.836,0.156,-7.082,-5.211,-2.687,-2.457,15.39,88.4,-3.82,-7.69,-1.5,0,-1.5,0.000404,0.000433,-0.227094,1.604827,0.042002,0.072597,-0.022594,-10.918149,-11.885,-20.328,-62.663,-189.217,8.4427,-16.8,-42.16,-3.079,-2.27,3.561,13.8,6,-16.2,-18.4,-3,-0.4,1.8,-127,-2.76,-118.56,-169,-6.98,-1.888,-8.62,-3.5,-2.28,41.192,-4.78,83.98,-2.6,-5.4,-1.156,0.002,-76.105,10.934,60.819,-3.111,0.067,2.495,-13.05,0.46,-11.715,62.242,-7.22,-11.79,-71.985,-282.562,-7.0741,-205.55,10.848,31.07,-47.957,4.1,12.2,-5.1,-8,-3.8,9.8,8.8,-163,-0.87,-196.57,-288.3,5.18,-0.683,-15.2,-10.48,25.94,-31.122,24.49,146.96,14.04,22.7,3.285,0.187,83.55599,-261.82392,12644.99147,-12717.40824,6775.06741,-72.41679,-5942.34083,199.68216,-0.252136469,3.871353265,0.048751806,0.077754051,-0.021002224,-10.66400794,-30.15527,21.26094,18.46556,-7.49497,0.11422,-7.89716,-6.48662,-2.47905,-1.60149,29.49269,0.00037772,0.00051411,-3.8945,-4.0425,-1.5,0,-1.49,-15.085,-17.4914,-66.752,-162.04342,5.337211,-27.9535,-4.4458,-2.80529,2.37073,-1.12486,0.01051,0.09879,0.52767,0.18384,-0.65478,-0.78618,-274.050758,12998.52226,-12742.68911,7062.029917,255.8331487,-5680.659195,216.6378287,-327.459054,-41.101,-339.38,-5.1833,-20.69607,-6815.561,-6.011468,1,-2.484906,0,-1.635334,0
2GOX,5.606381,830.02,29.17,33.33,37.5,47.72,28.9,22.48,2.006,0.861,0,0,5,12,3,4168.12,2.51,-102.636,-50.628,-52.008,3.40E-05,-12970.41903,-81.60502,-14391.39707,1502.58305,37420.98385,-51485.47768,-326.90324,-14064.49383,37094.08061,-13.12699,1167.21289,-1084.69897,55.34765,82.51393,-1029.35133,22.31644,-47.536,4.785,45.155,-9.774,0,-8.567,9.752,-3.294,-2.32,34.881,43.5,11.06,-4.84,0,0,-4,0.0002,0.000285,-0.288574,-6.265022,0.055104,0.10357,-0.040466,-22.694238,-13.009,-30.276,-80.352,-170.098,15.8807,-7.4,-35.06,39.091,24.309,19.03,18.2,8,-17.6,-21.2,1.4,6.6,11.6,-147,1.48,-135.92,-208,-0.56,-1.37,-4.14,5.32,-2.42,58.374,-1.02,114.2,0.08,-2,-1.202,-0.052,6.599,3.88,9.156,-2.513,-0.336,0.592,-4.195,-1.512,-0.908,5.565,6.36,17.89,54.219,300.808,21.9235,27.78,14.635,-9.862,5.848,-4.4,4.4,15,16.4,17.8,10.2,9.6,72.8,7.7,51.9,44.2,15.32,10.307,11.84,7.72,5.92,-9.022,8.84,-11.16,5.98,6.8,2.424,0.116,80.98593,-298.13254,14854.0365,-14842.56277,8764.14977,11.47373,-6078.413,264.10272,-0.246520194,-6.824018765,0.046558582,0.090483429,-0.035924857,-20.70546597,-35.44885,21.0221,35.48391,-8.03286,0.00001,-5.85702,6.15709,-3.48493,-1.45286,48.50414,0.00020752,0.00034379,8.8717,-3.317,0,-0.045,-3.32,-20.6045,-18.864,-70.551,-124.749,10.855072,-20.0029,-6.23171,0.42269,5.11976,-0.66594,0.01056,0.1262,-0.55046,0.32415,-1.07354,2.64353,-318.4184837,15691.90592,-15537.42629,8459.249482,154.4796335,-7078.176804,282.2317885,-161.716696,-57.1049,-347.19,-8.0323,-52.57497,-5743.652,-2.2269455,1,1.386294,1.386294,1.457925,0
2I25,4.954243,753.98,44.44,22.22,33.33,44.15,30.52,24.54,3.373,0.721,22.22,16.67,15,43,9,2578.5,1.71,-102.489,-50.244,-52.245,2.46E-05,-11096.65889,-80.50704,-11965.3001,949.14824,25872.16277,-37613.63882,-223.82404,-11741.47605,25648.33873,-12.67941,1055.64819,-1031.84365,55.97141,23.80454,-975.87225,22.70518,-52.575,5.414,44.736,-10.132,0,-7.138,1.684,-0.982,-4.161,40.579,23.7,5.77,-9.43,-1.5,-3.5,0,0.000335,0.000431,-0.121166,-13.840055,0.021518,0.058767,-0.029249,-20.255524,-15.598,-24.916,-56.083,-280.77,8.4973,-11.7,-115.39,16.807,62.505,-2.54,6.2,-6.2,-27.6,-31.4,-2.4,7.2,10.2,-163.4,-2.32,-174.22,-298.8,-1.88,-1.988,-9.32,4.28,11.26,81.386,-1.48,152.66,-0.46,-8,-0.015,-0.224,-6.191,1.278,0.771,1.251,-0.014,3.908,2.983,0.628,1.66,10.564,1.96,0.88,-6.238,-10.836,18.5871,8.49,-4.065,7.307,17.9,-1.4,-0.2,-23.6,-33.2,-15.4,-8.2,-13.4,-196.6,-7.68,-186.34,-262.2,-1.74,-4.085,-13.56,-9.9,-3.04,35.79,6.52,123.18,3.12,3.2,-1.101,2.14,6.773,-14.97343,-269.30211,394.62087,549.31504,125.31874,943.93591,-14.01243,-0.131744707,-11.8680927,0.023885879,0.059562253,-0.027676263,-18.9896787,-43.79145,11.44468,36.648,-7.83553,0.00041,-5.62862,-1.05888,-1.11572,-3.02019,39.91249,0.00031541,0.00042263,3.9475,-5.9197,-1.5,-2.51,0,-18.4026,-19.1613,-48.983,-253.92716,8.436667,-83.8153,-7.60458,16.33426,4.11111,0.08998,0.02303,0.15587,-0.46463,-0.27372,-0.74061,19.63314,-23.6376724,470.0472359,-404.3651915,576.8573674,65.6820441,172.4921771,4.2622398,-211.828568,-28.7652,-68.58,-1.2366,-7.10409,-2948.781,-0.758899,1,0,0,0,0
2I9B,5.075547,1115.98,31.91,34.04,34.04,36.34,48.74,12.87,5.091,0.708,0,29.79,6,14,2,6966,3.12,-106.106,-52.835,-53.271,5.60E-05,-15288.99618,-117.67193,-16681.67239,1510.34814,41051.35992,-57438.57173,-294.46058,-16387.21181,40756.89934,-19.26762,1400.73621,-1313.70819,55.08148,87.02803,-1258.62672,18.26644,-66.038,14.818,44.619,-6.32,-0.001,-14.112,2.725,-3.914,-1.313,58.73,47.5,-1.48,-3.76,-3.5,-2,-2,0.000128,0.000194,-0.418494,-2.397589,0.08496,0.141083,-0.048122,-27.728486,-22.645,-43.846,-110.653,-299.792,2.361,-16,-103.09,13.216,139.998,-0.678,11,3.2,-35.2,-42.2,-9,1.6,7.2,-253.6,-3.96,-256.32,-384,-6.06,-2.64,-10.6,-5.94,-8.6,40.96,-0.76,190.76,0.12,-6,0.005,0.064,1.968,-16.28,21.142,-4.175,-2.713,5.438,18.928,3.839,-11.534,26.304,-2.47,6.53,47.38,-114.313,32.0848,106.5,33.026,-20.247,-61.257,56.4,37.4,5,5.6,22,19.6,27.2,-25,7.74,-34.02,-64,1.86,1.113,6.84,4.32,5.44,166.192,0.56,58.02,-3.3,-6.2,-2.072,-0.037,1399.6032,-191.35613,11831.87417,-11908.60665,5432.26635,-76.73247,-6476.3403,279.65869,-0.445412122,-0.438456806,0.092016837,0.147276398,-0.047259633,-27.87327258,-58.8248,31.93012,40.77911,-6.60778,0.04136,-8.8579,-0.93719,-4.27541,-2.26816,67.6354,0.00012719,0.00021754,-0.6529,-4.4257,-2.44,-1.885,-2.885,-33.0059,-31.148,-112.885,-282.30998,6.791779,-90.6866,-11.17643,-0.84576,6.89636,-0.53075,0.1868,-1.19112,0.034,0.14287,-1.20014,5.86815,-204.5826366,11978.24302,-11717.29132,5319.815665,260.9517016,-6397.475651,257.8660206,-290.09238,-28.0674,-35.38,-2.2867,-14.01115,-2216.775,-3.161815,1,0,0,0.093538,0
2OZA,7.908485,3086.32,40.48,36.9,22.62,43.7,33.68,22.03,7.005,0.559,29.76,22.62,29,61,2,15822,2.56,-112.655,-57.243,-55.412,0.000185651,-25620.03765,-295.19958,-28136.68294,2811.84487,70574.28581,-97438.0538,-1272.91495,-26863.76799,69301.37086,-45.79776,3034.571,-2595.63848,-210.84128,438.93252,-2806.47975,64.44725,-174.2,18.556,131.171,-20.636,0,-27.816,6.386,-10.078,-9.449,117.185,7,-7.6,-22.03,-2.5,-3.5,-11,0.000037,0.000068,-1.054471,-10.225427,0.239767,0.361186,-0.113419,-81.711951,-44.55,-93.584,-207.27,-766.234,11.185,-47.7,-233.43,60.784,20.04,19.028,48.2,20,-85,-104.8,-10.6,14.6,26.2,-610.6,-11.66,-628.82,-967.4,-15.52,-10.989,-30.04,-20.08,-12.02,254.118,-8.2,482.16,-4.82,-17.6,-2.587,0.042,-11.068,-17.088,-9.064,-4.181,1.546,-17.49,-9.503,0.774,-8.799,-53.437,-4.84,-16.43,-168.135,-238.965,-8.96,-179.91,-3.959,-58.06,32.505,-53.2,-28.8,-14.2,-20.6,-14.6,-12.6,-24.8,-44.2,-21.68,-134.72,-124.6,-12.02,-6.755,-30.2,-33.82,-38.36,-53.626,0.26,19.62,3.88,17,0.18,1.868,-622.1025,-76.14759,2407.02422,-2138.73588,1832.24471,268.28835,-306.49116,26.44037,-1.084365551,-8.753903224,0.247393694,0.369025122,-0.113631408,-82.51435496,-157.6924,85.30951,120.15447,-21.72863,0.08889,-29.05559,4.34044,-11.17599,-7.00981,174.6223,3.45E-05,7.17E-05,-6.2337,-17.4768,-2.53,-3.605,-8.785,-70.9933,-68.5221,-166.52,-669.1142,18.423669,-149.5125,-14.42869,33.29156,12.59538,0.10092,-0.24729,-0.66275,1.14962,-0.15147,-2.38199,41.18045,-0.8798741,-2160.05452,2154.400597,429.462598,-5.6539245,2583.863195,-3.9852161,-639.707746,-15.77,-396.15,-12.0181,-99.94275,-9693.337,-9.922045,1,1.466337,3.258097,14.179384,14.179384
2PTC,6.041393,659.62,64.29,28.57,7.14,39.77,38.27,20.94,2.449,0.759,25,17.86,12,13,7,3155.62,2.39,-100.609,-49.171,-51.438,2.44E-05,-7271.85185,-90.34382,-8244.11479,1062.60676,28595.585,-36739.52327,-100.17652,-8143.93827,28495.40848,-13.40613,912.00936,-860.77546,50.48192,51.2339,-810.29353,14.10881,-54.375,5.442,31.552,-1.501,0.553,-2.219,-7.234,0.114,-3.077,36.056,13.5,-6.98,-8.74,-1.5,-4.5,0,0.000315,0.000441,-0.263626,-0.76061,0.051468,0.087851,-0.028383,-16.105807,-16.287,-27.1922,-71.618,-132.946,-0.852,-16.3,-63.97,52.265,44.388,24.375,10.6,6.6,-23.8,-25.6,-5.2,15.8,21,-183.6,-4,-204.48,-334,-5.32,-0.699,-10.74,-9.14,-20.08,49.6,-0.92,167.32,0.12,-2.2,0.289,0.271,13.62,-3.033,-15.412,-2.669,0.621,-0.645,-3.093,-0.46,-9.285,-32.884,0.23,-3,10.038,35.209,-24.6659,0.52,-9.68,-26.631,-20.152,-4.2,-4.8,5,-4.6,-7.2,-19.2,-25.4,58,-2.82,74.88,131.6,-9.92,-4.527,-0.52,-20.42,-11.86,-24.506,-10.68,-85.38,-6.94,-8.4,-2.129,0.175,1.72851,-192.79412,9229.43012,-9058.81319,6112.28778,170.61693,-2946.52541,155.44883,-0.269689879,-0.065847758,0.053306657,0.088901404,-0.027594707,-15.95922812,-46.17613,23.7376,27.25399,-1.52931,0.77985,-1.8567,-8.97807,0.00661,-2.69202,50.06929,0.00029427,0.00048098,-6.3745,-6.6216,-1.02,-3.465,0,-20.4122,-19.3169,-67.018,-121.4576,2.166772,-47.0039,-1.15352,4.6006,1.27078,0.03164,0.00215,-0.0843,0.12572,0.04119,0.85654,6.61595,-213.3966989,10498.35727,-10309.44098,6146.557931,188.9162937,-4162.88305,193.7515947,-164.573998,-38.0356,-247.76,-4.1821,-31.6521,-7648,-4.078385,1,0,0,0,0
2SIC,6.812913,723.91,41.94,51.61,6.45,34.02,40.79,24.42,2.911,0.764,22.58,19.35,10,3,5,3611.25,2.49,-103.952,-51.237,-52.715,2.41E-05,-7584.63108,-95.23064,-8878.00993,1388.60949,38761.60764,-47512.33224,-127.28533,-8750.7246,38634.32231,-14.35153,888.33675,-873.89816,38.95518,14.43858,-834.94298,13.48635,-57.337,9.108,33.705,-0.424,0,-3.96,-11.137,0.237,-5.043,41.161,16,-17.47,-7.62,-3,-0.5,0,0.000279,0.000423,-0.339687,3.659916,0.072644,0.106874,-0.02623,-17.998821,-14.834,-28.167,-106.577,-215.607,-0.4824,-18.8,-71.9,3.605,-20.849,7.362,4.2,2.4,-20.8,-28.2,-6.4,13,13.6,-180.6,-9.1,-233.92,-345.4,-1.22,-1.228,-10.64,-16,-3.4,19.632,0.28,168.46,2.56,-0.6,0.31,0.032,27.179,0.036,-8.35,1.231,0.015,7.797,0.528,-0.856,9.154,36.296,4.78,8,45.881,216.337,-1.2076,196.44,-5.847,-43.562,-61.55,-8.6,-12.8,-10.6,-11,-15.2,-18.4,-18.6,8.2,-2.26,10.44,17.8,-2.46,-2.197,-2.18,5.86,16.76,-53.84,-0.06,-23.52,-0.64,-1.4,0.192,-0.091,39.2213,-174.71601,8606.47348,-8371.87601,6195.21136,234.59747,-2176.66465,163.21326,-0.338752232,3.785857343,0.072474465,0.106394061,-0.025919636,-17.82240398,-46.39792,18.59041,28.56598,-0.98876,0.01189,-2.65149,-10.48111,-0.23015,-3.25188,45.94509,0.00025595,0.00045587,-15.2577,-4.506,-2.675,-0.305,0,-20.1557,-22.6558,-90.143,-180.19934,0.0459,-56.3047,-8.85538,7.78508,4.8043,-0.41508,0.05021,0.99134,-0.73311,-0.14941,-1.10701,10.5917,-191.1621797,9494.320378,-9229.392091,6094.319903,264.9282888,-3135.072188,176.678554,-264.673156,-16.9181,-189.93,-3.8126,-13.93297,-6217.003,1.670241,1,0,0,0,0
2SNI,6.491362,727.04,43.33,50,6.67,34.04,39.73,24.78,3.033,0.684,23.33,23.33,10,5,3,3847.5,2.65,-101.644,-49.841,-51.803,2.58E-05,-7625.02281,-92.70674,-8802.34292,1270.02686,34428.55383,-43129.50417,-101.39258,-8700.95034,34327.16125,-14.61816,954.91572,-890.29631,-4.54891,64.61941,-894.84522,15.3988,-55.371,7.37,33.296,-4.493,0,-2.155,-7.104,0.882,-6.502,33.344,12.8,-14.44,-7.04,-1.5,-1.5,-6.5,0.000252,0.000424,-0.326832,0.215567,0.069585,0.107335,-0.02975,-20.531346,-14.035,-28.8689,-84.34,-181.704,-0.7485,-15.7,-91,7.459,-13.19,16.01,13.4,9,-20.6,-31.8,4.4,14.4,13.6,-164,-7.48,-249.2,-388,0.42,-0.052,-7.12,-10.44,2.92,38.234,0.5,187.28,1.48,-4.4,0.708,0.041,4.837,6.23,-7.209,0.935,-0.057,1.751,6.276,0.377,5.521,3.385,5.38,10.03,79.25,98.258,10.5864,169.96,-1.301,4.382,107.601,7.6,1.8,-5.2,4.6,10.4,-0.2,1.8,-24,6.72,17.78,12,8.8,3.69,7.8,18.44,26.66,-23.48,3.22,7.8,1.32,2,0.246,-0.178,21.76775,-220.65141,9974.83174,-9758.89218,7847.53196,215.93958,-1911.36023,204.83865,-0.329043758,1.099681172,0.069922505,0.106858505,-0.02893603,-19.74770652,-48.08492,21.80243,29.65872,-2.56548,0.03882,-0.40984,-8.66965,0.08221,-4.88187,45.40778,0.00023592,0.00040131,-13.4663,-4.8584,-1.54,-1.5,-5.69,-20.9708,-23.7461,-76.561,-175.85076,0.3792746,-68.729,-5.56756,11.89849,3.74407,-0.58428,0.0179,-0.19632,1.35303,-0.3865,-0.5533,14.79374,-239.7639753,11026.56682,-10544.64607,7413.37116,481.9207504,-3131.27491,235.7977688,-125.092567,-14.4335,-175.96,-3.2569,-31.74802,-5295.33,6.8273865,1,0,0,0,0
2VIR,5.041393,5456.7,46.83,32.54,20.63,4.49,5.57,1.81,1.801,0.662,6.35,38.1,8,2,0,5514.75,0.51,-110.727,-55.526,-55.201,1.52E-05,-18582.36783,-62.85594,-21278.35087,2758.83898,74888.654,-96091.795,-75.20987,-21203.141,74813.44413,-10.79484,876.92763,-843.52267,73.76232,33.40497,-769.76034,15.5566,-36.296,3.19,29.173,-2.691,0,-3.624,0.813,-1.715,-1.523,31.159,45.7,-1.68,-4.99,-1.5,0,0,0.000282,0.000454,-0.163504,-8.858164,0.032861,0.065918,-0.025057,-18.655711,-12.733,-28.014,-44.536,-150.822,4.346,-4.4,-2.84,0.713,-27.659,1.934,10,4.8,-16.8,-16.2,11.8,21.8,23.6,-117.4,-4.12,-167.48,-273.4,0.82,2.557,-3.52,-8.2,-10.9,29.164,-0.76,144.06,-1.12,-3,-0.112,0.051,-16.873,7.247,24.478,-0.053,-0.677,14.647,-6.787,-5.857,1.286,43.481,1.38,15.89,88.754,131.44,29.827,-160.83,38.026,-39.803,24.647,31.1,17.4,0.4,-3.3,-6.5,-5.9,5.1,-98.2,5.29,-62.01,-97.5,1.41,4.591,-1.64,-3.15,25.65,78.376,5.64,56.51,1.45,1,1.931,0.255,-1711.8944,-217.05606,10976.81463,-11052.63136,6157.64234,-75.81672,-4894.98902,215.38612,-0.16895998,-8.357055162,0.03401697,0.067031768,-0.025014768,-18.49922625,-32.47109,21.48938,26.8626,-3.06886,0.00005,-4.08804,-0.29748,-1.69343,-1.43805,46.8181,0.00027239,0.00046147,-1.3068,-4.5184,-1.535,0,0,-21.0653,-17.2707,-39.033,-167.61587,6.201196,-6.3516,9.90319,-3.85236,-0.43438,-1.11796,-0.20667,-1.96522,0.48836,-0.19673,3.47913,-5.22623,-220.8984452,10808.31774,-10581.86069,5549.337967,226.4570462,-5032.522727,224.9149817,-615.91203,57.0304,126.34,0.1266,-5.45689,-2141.298,0.908366,1,-6.122493,0,0,0
2VIS,2.732394,5512.9,46.92,31.54,21.54,4.58,5.76,1.83,1.792,0.652,6.15,37.69,8,2,0,5572.12,0.51,-110.731,-55.528,-55.203,1.64E-05,-18501.85125,-64.07066,-21198.64109,2760.8605,74869.85684,-95992.61971,-75.87823,-21122.76286,74793.97861,-10.94639,861.66175,-821.56736,68.57371,40.09441,-752.99365,14.39922,-35.671,2.971,28.292,-2.606,0,-1.652,-5.843,-2.077,-2.68,28.986,50.2,-2.86,-4.96,-1.5,0,0,0.000272,0.000313,-0.181586,-7.929953,0.03821,0.070607,-0.024397,-19.322221,-13.112,-29.464,-57.904,-180.138,6.285,-6,-10.27,12.508,-16.332,4.253,10.8,5.2,-18,-18.2,11,21.6,24.6,-125.4,-4.68,-179.7,-294.4,0.78,2.781,-4.14,-11.44,-7.64,31.562,-1.44,152.76,-1.76,-4.4,-0.164,0.056,27.557,12.746,3.478,-0.606,-0.47,5.695,-10.508,-1.708,-0.484,40.64,4.02,13.73,132.599,161.111,28.906,-4.06,13.319,-81.987,7.975,27.2,17.4,10,6.4,-2.2,-3.2,4.6,-38,4.02,2.3,-12.2,3.34,6.158,-4.58,-2.44,36.28,-26.116,1.4,17.72,-1.88,-3.4,1.395,0.061,112.8452,-211.40285,10992.26055,-11109.14331,6134.25656,-116.88275,-4974.88674,219.56631,-0.196216753,-6.764625979,0.041524361,0.073837062,-0.024312722,-19.14510471,-31.82118,21.03727,25.62498,-3.03469,0.00003,-2.11073,-5.93004,-1.91217,-2.11388,44.63945,0.00026006,0.00042537,-2.6842,-4.9335,-1.57,0,0,-21.9286,-18.8222,-50.567,-169.04761,5.800352,-7.389,0.6155,19.75319,4.96905,-1.40716,-0.2929,-1.34861,-1.05449,-0.24567,3.56438,23.09597,-222.7076221,11177.73653,-11011.84445,5598.490792,165.892078,-5413.353663,230.7945183,-958.446586,16.9994,54.32,1.6435,99.46409,-4096.688,3.678158,1,-6.4708,0,0,0
2WPT,7.69897,810.9,20,44,36,62.59,27.83,8.59,3.043,0.663,60,0,45,26,0,2997,1.85,-100.92,-49.294,-51.626,2.80E-05,-9522.28455,-79.21845,-10237.90279,794.8367,20129.573,-29935.86021,-431.61559,-9806.2872,19697.95741,-12.97623,1120.444,-1056.8931,23.06803,63.5509,-1033.82509,21.34726,-50.616,4.595,42.534,-9.706,0,-12.261,8.391,-2.768,-2.38,38.734,50.1,10.78,-8.98,-3,0,0,0.000277,0.000383,-0.193658,-8.605897,0.035547,0.075504,-0.031957,-19.204216,-13.938,-24.385,-53.803,-196.974,13.89804,-11.4,-82.53,31.24,0.574,-2.554,21,9,-20.6,-21,6.4,15.6,20.6,-187,2.58,-156.08,-264.6,0.44,-0.556,-4.52,5.52,0.52,55.28,-4.5,145.02,-0.72,-7.4,-0.553,-0.03,-14.943,12.267,12.954,-4.106,0.463,-7.327,-6.659,2.372,-11.017,10.734,-9.26,-15.2,-97.494,-204.653,-14.40544,-246.88,-2.933,1.947,-34.619,-10.4,-8,-8.2,-15.6,-17.8,-18.8,-19,-6,-9.58,-25.94,3.4,-14.86,-6.632,-3.84,-19.14,-23.54,-13.464,-9.62,-22.24,-4.06,-1.8,-1.656,-0.141,11.4467,-40.57063,3007.11984,-2914.89283,1129.88406,92.22702,-1785.00877,17.34316,-0.20966004,-7.48477835,0.03973648,0.07924569,-0.03150921,-19.33222516,-42.47058,11.06797,35.82888,-8.43707,0.01649,-12.567,5.72541,-2.97524,-1.71444,39.75853,0.00026176,0.00036159,9.4541,-4.9049,-3.13,0,0,-17.9346,-19.7153,-59.273,-187.30182,12.09252566,-50.8027,-4.84359,7.70781,1.98286,-0.20427,-0.00259,-0.36224,0.10348,-0.15355,0.00994,8.10611,-43.7527319,2834.050286,-2858.148061,1138.909911,-24.0977745,-1719.238151,13.406945,-90.848749,-35.6786,-90.37,-2.0812,-37.83514,-5566.799,-2.925621368,1,-4.143135,0,-2.472725,0
3BP8,5.997823,2030.4,29.17,47.92,22.92,12.39,11.15,7.63,1.902,0.798,39.58,13.19,9,10,0,3078,0.76,-103.081,-50.659,-52.422,1.97E-05,-27401.03259,-68.34428,-30728.74867,3396.06036,87963.20668,-118620.2103,-71.74505,-30657.00363,87891.46163,-10.51332,844.32293,-807.49293,47.81496,36.83,-759.67798,15.82674,-36.21,1.979,26.874,-1.127,0,3.825,-2.084,-0.685,-1.102,26.134,168.9,0.98,-5.27,0,-1.5,-3,0.000291,0.000519,-0.136764,-10.45989,0.02617,0.059296,-0.025125,-18.262595,-12.441,-25.319,-47.311,-95.582,2.0868,-8.2,-42.09,18.278,1.511,9.355,5.8,5.8,-17.2,-21,4.2,14,12.6,-152,-4.78,-198.68,-302.8,0.2,-0.273,-8.92,-1.88,1.46,29.612,0.28,151.14,1.82,0.4,-1.213,-0.003,39.515,6.756,0.664,-2.3,3.724,3.216,-13.489,0.644,20.995,95.633,8.96,47.45,393.973,352.708,-18.632,41.83,-38.81,23.305,171.82,-9.4,-21,12.8,27.8,13.2,4.6,3.8,213,19.94,279.82,317,7.22,9.065,30.28,23.04,-21.9,49.934,-0.62,-135.88,-2.84,-15.2,4.961,1.811,347.45686,-922.10678,45580.2896,-44786.67801,25423.54873,793.6116,-19363.12926,824.61178,-0.144166081,-8.891707535,0.027134172,0.059595606,-0.024461485,-16.98176602,-27.91787,10.86205,20.75363,-1.88559,0.00386,4.37885,-4.23666,-1.16918,-0.65849,30.55009,0.00029546,0.00054528,1.0132,-4.1407,0,-0.995,-2.57,-17.1368,-16.2053,-41.24,-83.01888,-0.534729,-27.1178,-3.89968,-1.38942,2.34634,-0.51208,-0.05022,1.57317,0.78972,-0.17401,-0.49551,-0.75419,-976.8288656,49008.68449,-47973.63778,24711.44102,1035.046715,-23262.19676,897.5951468,-299.0962639,-23.8937,-87.09,-2.5287,-27.24886,-1766.643,-1.15302,1,0,0,-3.608049,0
